"","from","to","m","km","miles","seconds","minutes","hours","Country.to","Country.from"
"1","Birmingham","Aalborg",NA,NA,NA,NA,NA,NA,"Denmark","UK"
"2","Birmingham","Amadora",NA,NA,NA,NA,NA,NA,"Portugal","UK"
"3","Birmingham","Amsterdam",NA,NA,NA,NA,NA,NA,"Netherlands","UK"
"4","Birmingham","Antwerp",NA,NA,NA,NA,NA,NA,"Belgium","UK"
"5","Birmingham","Arhus",NA,NA,NA,NA,NA,NA,"Denmark","UK"
"6","Birmingham","Athens",NA,NA,NA,NA,NA,NA,"Greece","UK"
"7","Birmingham","Barcelona",NA,NA,NA,NA,NA,NA,"Spain","UK"
"8","Birmingham","Bergen",NA,NA,NA,NA,NA,NA,"Norway","UK"
"9","Birmingham","Berlin",NA,NA,NA,NA,NA,NA,"Germany","UK"
"10","Birmingham","Bettembourg",NA,NA,NA,NA,NA,NA,"Luxembourg","UK"
"11","Birmingham","Birkirkara",NA,NA,NA,NA,NA,NA,"Malta","UK"
"12","Birmingham","Birmingham",0,0,0,0,0,0,"UK","UK"
"13","Birmingham","Braga",NA,NA,NA,NA,NA,NA,"Portugal","UK"
"14","Birmingham","Bratislava",NA,NA,NA,NA,NA,NA,"Slovakia","UK"
"15","Birmingham","Brno",NA,NA,NA,NA,NA,NA,"Czech Republic","UK"
"16","Birmingham","Brussels",NA,NA,NA,NA,NA,NA,"Belgium","UK"
"17","Birmingham","Bucharest",NA,NA,NA,NA,NA,NA,"Romania","UK"
"18","Birmingham","Budapest",NA,NA,NA,NA,NA,NA,"Hungary","UK"
"19","Birmingham","Burgas",NA,NA,NA,NA,NA,NA,"Bulgaria","UK"
"20","Birmingham","Celje",NA,NA,NA,NA,NA,NA,"Slovenia","UK"
"21","Birmingham","Charleroi",NA,NA,NA,NA,NA,NA,"Belgium","UK"
"22","Birmingham","Cluj-Napoca",NA,NA,NA,NA,NA,NA,"Romania","UK"
"23","Birmingham","Cologne",NA,NA,NA,NA,NA,NA,"Germany","UK"
"24","Birmingham","Copenhagen",NA,NA,NA,NA,NA,NA,"Denmark","UK"
"25","Birmingham","Cracow",NA,NA,NA,NA,NA,NA,"Poland","UK"
"26","Birmingham","Craiova",NA,NA,NA,NA,NA,NA,"Romania","UK"
"27","Birmingham","Daugavpils",NA,NA,NA,NA,NA,NA,"Latvia","UK"
"28","Birmingham","Debrecen",NA,NA,NA,NA,NA,NA,"Hungary","UK"
"29","Birmingham","Drammen",NA,NA,NA,NA,NA,NA,"Norway","UK"
"30","Birmingham","Dudelange",NA,NA,NA,NA,NA,NA,"Luxembourg","UK"
"31","Birmingham","Eindhoven",NA,NA,NA,NA,NA,NA,"Netherlands","UK"
"32","Birmingham","Esbjerg",NA,NA,NA,NA,NA,NA,"Denmark","UK"
"33","Birmingham","Esch-Alzette",NA,NA,NA,NA,NA,NA,"Luxembourg","UK"
"34","Birmingham","Espoo",NA,NA,NA,NA,NA,NA,"Finland","UK"
"35","Birmingham","Frankfurt",NA,NA,NA,NA,NA,NA,"Germany","UK"
"36","Birmingham","Gazimagusa",NA,NA,NA,NA,NA,NA,"Cyprus","UK"
"37","Birmingham","Gent",NA,NA,NA,NA,NA,NA,"Belgium","UK"
"38","Birmingham","Glasgow",NA,NA,NA,NA,NA,NA,"UK","UK"
"39","Birmingham","Goteborg",NA,NA,NA,NA,NA,NA,"Sweden","UK"
"40","Birmingham","Graz",NA,NA,NA,NA,NA,NA,"Austria","UK"
"41","Birmingham","Hamburg",NA,NA,NA,NA,NA,NA,"Germany","UK"
"42","Birmingham","Helsinki",NA,NA,NA,NA,NA,NA,"Finland","UK"
"43","Birmingham","Iasi",NA,NA,NA,NA,NA,NA,"Romania","UK"
"44","Birmingham","Innsbruck",NA,NA,NA,NA,NA,NA,"Austria","UK"
"45","Birmingham","Iraklion",NA,NA,NA,NA,NA,NA,"Greece","UK"
"46","Birmingham","Jelgava",NA,NA,NA,NA,NA,NA,"Latvia","UK"
"47","Birmingham","Jurmala",NA,NA,NA,NA,NA,NA,"Latvia","UK"
"48","Birmingham","Kaunas",NA,NA,NA,NA,NA,NA,"Lithuania","UK"
"49","Birmingham","Klaipeda",NA,NA,NA,NA,NA,NA,"Lithuania","UK"
"50","Birmingham","Kohtla-Jarve",NA,NA,NA,NA,NA,NA,"Estonia","UK"
"51","Birmingham","Kosice",NA,NA,NA,NA,NA,NA,"Slovakia","UK"
"52","Birmingham","Kranj",NA,NA,NA,NA,NA,NA,"Slovenia","UK"
"53","Birmingham","Larnaca",NA,NA,NA,NA,NA,NA,"Cyprus","UK"
"54","Birmingham","Leeds",NA,NA,NA,NA,NA,NA,"UK","UK"
"55","Birmingham","Lemesos",NA,NA,NA,NA,NA,NA,"Cyprus","UK"
"56","Birmingham","Liege",NA,NA,NA,NA,NA,NA,"Belgium","UK"
"57","Birmingham","Liepaja",NA,NA,NA,NA,NA,NA,"Latvia","UK"
"58","Birmingham","Linz",NA,NA,NA,NA,NA,NA,"Austria","UK"
"59","Birmingham","Lisbon",NA,NA,NA,NA,NA,NA,"Portugal","UK"
"60","Birmingham","Liverpool",NA,NA,NA,NA,NA,NA,"UK","UK"
"61","Birmingham","Ljubljana",NA,NA,NA,NA,NA,NA,"Slovenia","UK"
"62","Birmingham","Lodz",NA,NA,NA,NA,NA,NA,"Poland","UK"
"63","Birmingham","London",NA,NA,NA,NA,NA,NA,"UK","UK"
"64","Birmingham","Luxemburg",NA,NA,NA,NA,NA,NA,"Luxembourg","UK"
"65","Birmingham","Lyon",NA,NA,NA,NA,NA,NA,"France","UK"
"66","Birmingham","Madrid",NA,NA,NA,NA,NA,NA,"Spain","UK"
"67","Birmingham","Malmo",NA,NA,NA,NA,NA,NA,"Sweden","UK"
"68","Birmingham","Maribor",NA,NA,NA,NA,NA,NA,"Slovenia","UK"
"69","Birmingham","Marseille",NA,NA,NA,NA,NA,NA,"France","UK"
"70","Birmingham","Milan",NA,NA,NA,NA,NA,NA,"Italy","UK"
"71","Birmingham","Miskolc",NA,NA,NA,NA,NA,NA,"Hungary","UK"
"72","Birmingham","Mosta",NA,NA,NA,NA,NA,NA,"Malta","UK"
"73","Birmingham","Munich",NA,NA,NA,NA,NA,NA,"Germany","UK"
"74","Birmingham","Naples",1222605,1222.605,759.726747,38566,642.766666666667,10.7127777777778,"Italy","UK"
"75","Birmingham","Narva",NA,NA,NA,NA,NA,NA,"Estonia","UK"
"76","Birmingham","Nice",NA,NA,NA,NA,NA,NA,"France","UK"
"77","Birmingham","Nicosia",NA,NA,NA,NA,NA,NA,"Cyprus","UK"
"78","Birmingham","Nicosia",NA,NA,NA,NA,NA,NA,"Cyprus","UK"
"79","Birmingham","Nicosia",NA,NA,NA,NA,NA,NA,"Cyprus","UK"
"80","Birmingham","Nicosia",NA,NA,NA,NA,NA,NA,"Cyprus","UK"
"81","Birmingham","Nitra",NA,NA,NA,NA,NA,NA,"Slovakia","UK"
"82","Birmingham","Odense",NA,NA,NA,NA,NA,NA,"Denmark","UK"
"83","Birmingham","Olomouc",NA,NA,NA,NA,NA,NA,"Czech Republic","UK"
"84","Birmingham","Osijek",NA,NA,NA,NA,NA,NA,"Croatia","UK"
"85","Birmingham","Oslo",NA,NA,NA,NA,NA,NA,"Norway","UK"
"86","Birmingham","Ostrava",NA,NA,NA,NA,NA,NA,"Czech Republic","UK"
"87","Birmingham","Palermo",NA,NA,NA,NA,NA,NA,"Italy","UK"
"88","Birmingham","Panevezys",NA,NA,NA,NA,NA,NA,"Lithuania","UK"
"89","Birmingham","Paris",NA,NA,NA,NA,NA,NA,"France","UK"
"90","Birmingham","Parnu",NA,NA,NA,NA,NA,NA,"Estonia","UK"
"91","Birmingham","Patrai",NA,NA,NA,NA,NA,NA,"Greece","UK"
"92","Birmingham","Pecs",NA,NA,NA,NA,NA,NA,"Hungary","UK"
"93","Birmingham","Piraieus",NA,NA,NA,NA,NA,NA,"Greece","UK"
"94","Birmingham","Plovdiv",NA,NA,NA,NA,NA,NA,"Bulgaria","UK"
"95","Birmingham","Plzen",NA,NA,NA,NA,NA,NA,"Czech Republic","UK"
"96","Birmingham","Porto",NA,NA,NA,NA,NA,NA,"Portugal","UK"
"97","Birmingham","Poznan",NA,NA,NA,NA,NA,NA,"Poland","UK"
"98","Birmingham","Prague",NA,NA,NA,NA,NA,NA,"Czech Republic","UK"
"99","Birmingham","Presov",NA,NA,NA,NA,NA,NA,"Slovakia","UK"
"100","Birmingham","Qormi",NA,NA,NA,NA,NA,NA,"Malta","UK"
"101","Birmingham","Rabat",NA,NA,NA,NA,NA,NA,"Malta","UK"
"102","Birmingham","Riga",NA,NA,NA,NA,NA,NA,"Latvia","UK"
"103","Birmingham","Rijeka",NA,NA,NA,NA,NA,NA,"Croatia","UK"
"104","Birmingham","Rome",NA,NA,NA,NA,NA,NA,"Italy","UK"
"105","Birmingham","Rotterdam",NA,NA,NA,NA,NA,NA,"Netherlands","UK"
"106","Birmingham","Ruse",NA,NA,NA,NA,NA,NA,"Bulgaria","UK"
"107","Birmingham","Salzburg",NA,NA,NA,NA,NA,NA,"Austria","UK"
"108","Birmingham","Schifflange",NA,NA,NA,NA,NA,NA,"Luxembourg","UK"
"109","Birmingham","Setubal",NA,NA,NA,NA,NA,NA,"Portugal","UK"
"110","Birmingham","Sevilla",NA,NA,NA,NA,NA,NA,"Spain","UK"
"111","Birmingham","Siauliai",NA,NA,NA,NA,NA,NA,"Lithuania","UK"
"112","Birmingham","Sofia",NA,NA,NA,NA,NA,NA,"Bulgaria","UK"
"113","Birmingham","Split",NA,NA,NA,NA,NA,NA,"Croatia","UK"
"114","Birmingham","Stavanger-Sandnes",NA,NA,NA,NA,NA,NA,"Norway","UK"
"115","Birmingham","Stockholm",NA,NA,NA,NA,NA,NA,"Sweden","UK"
"116","Birmingham","Szeged",NA,NA,NA,NA,NA,NA,"Hungary","UK"
"117","Birmingham","Tallinn",NA,NA,NA,NA,NA,NA,"Estonia","UK"
"118","Birmingham","Tampere",NA,NA,NA,NA,NA,NA,"Finland","UK"
"119","Birmingham","Tartu",NA,NA,NA,NA,NA,NA,"Estonia","UK"
"120","Birmingham","Thessaloniki",NA,NA,NA,NA,NA,NA,"Greece","UK"
"121","Birmingham","Timisoara",NA,NA,NA,NA,NA,NA,"Romania","UK"
"122","Birmingham","Toulouse",NA,NA,NA,NA,NA,NA,"France","UK"
"123","Birmingham","Trondheim",NA,NA,NA,NA,NA,NA,"Norway","UK"
"124","Birmingham","Turin",NA,NA,NA,NA,NA,NA,"Italy","UK"
"125","Birmingham","Turku",NA,NA,NA,NA,NA,NA,"Finland","UK"
"126","Birmingham","Uppsala",NA,NA,NA,NA,NA,NA,"Sweden","UK"
"127","Birmingham","Utrecht",NA,NA,NA,NA,NA,NA,"Netherlands","UK"
"128","Birmingham","Valencia",NA,NA,NA,NA,NA,NA,"Spain","UK"
"129","Birmingham","Vantaa",NA,NA,NA,NA,NA,NA,"Finland","UK"
"130","Birmingham","Varna",NA,NA,NA,NA,NA,NA,"Bulgaria","UK"
"131","Birmingham","Vasteras",NA,NA,NA,NA,NA,NA,"Sweden","UK"
"132","Birmingham","Velenje",NA,NA,NA,NA,NA,NA,"Slovenia","UK"
"133","Birmingham","Vienna",NA,NA,NA,NA,NA,NA,"Austria","UK"
"134","Birmingham","Vilnius",NA,NA,NA,NA,NA,NA,"Lithuania","UK"
"135","Birmingham","Warsaw",NA,NA,NA,NA,NA,NA,"Poland","UK"
"136","Birmingham","Wroclaw",NA,NA,NA,NA,NA,NA,"Poland","UK"
"137","Birmingham","Zabbar",NA,NA,NA,NA,NA,NA,"Malta","UK"
"138","Birmingham","Zadar",NA,NA,NA,NA,NA,NA,"Croatia","UK"
"139","Birmingham","Zagreb",NA,NA,NA,NA,NA,NA,"Croatia","UK"
"140","Birmingham","Zaragoza",NA,NA,NA,NA,NA,NA,"Spain","UK"
"141","Birmingham","Zilina",NA,NA,NA,NA,NA,NA,"Slovakia","UK"
"142","Birmingham","s-Gravenhage",NA,NA,NA,NA,NA,NA,"Netherlands","UK"
"143","Glasgow","Aalborg",1995468,1995.468,1239.9838152,71891,1198.18333333333,19.9697222222222,"Denmark","UK"
"144","Glasgow","Amadora",2820216,2820.216,1752.4822224,95762,1596.03333333333,26.6005555555556,"Portugal","UK"
"145","Glasgow","Amsterdam",1168343,1168.343,726.0083402,44248,737.466666666667,12.2911111111111,"Netherlands","UK"
"146","Glasgow","Antwerp",1007996,1007.996,626.3687144,38462,641.033333333333,10.6838888888889,"Belgium","UK"
"147","Glasgow","Arhus",1886189,1886.189,1172.0778446,68417,1140.28333333333,19.0047222222222,"Denmark","UK"
"148","Glasgow","Athens",3826792,3826.792,2377.9685488,134250,2237.5,37.2916666666667,"Greece","UK"
"149","Glasgow","Barcelona",2125675,2125.675,1320.894445,73820,1230.33333333333,20.5055555555556,"Spain","UK"
"150","Glasgow","Bergen",2656962,2656.962,1651.0361868,113176,1886.26666666667,31.4377777777778,"Norway","UK"
"151","Glasgow","Berlin",1729130,1729.13,1074.481382,62501,1041.68333333333,17.3613888888889,"Germany","UK"
"152","Glasgow","Bettembourg",1223832,1223.832,760.4892048,44940,749,12.4833333333333,"Luxembourg","UK"
"153","Glasgow","Birkirkara",3524062,3524.062,2189.8521268,134516,2241.93333333333,37.3655555555556,"Malta","UK"
"154","Glasgow","Birmingham",NA,NA,NA,NA,NA,NA,"UK","UK"
"155","Glasgow","Braga",2636326,2636.326,1638.2129764,89625,1493.75,24.8958333333333,"Portugal","UK"
"156","Glasgow","Bratislava",2192585,2192.585,1362.472319,77371,1289.51666666667,21.4919444444444,"Slovakia","UK"
"157","Glasgow","Brno",2103565,2103.565,1307.155291,74286,1238.1,20.635,"Czech Republic","UK"
"158","Glasgow","Brussels",1000248,1000.248,621.5541072,38192,636.533333333333,10.6088888888889,"Belgium","UK"
"159","Glasgow","Bucharest",3182827,3182.827,1977.8086978,115869,1931.15,32.1858333333333,"Romania","UK"
"160","Glasgow","Budapest",2355229,2355.229,1463.5393006,82807,1380.11666666667,23.0019444444444,"Hungary","UK"
"161","Glasgow","Burgas",3508258,3508.258,2180.0315212,122467,2041.11666666667,34.0186111111111,"Bulgaria","UK"
"162","Glasgow","Celje",2222366,2222.366,1380.9782324,78828,1313.8,21.8966666666667,"Slovenia","UK"
"163","Glasgow","Charleroi",1031753,1031.753,641.1313142,39010,650.166666666667,10.8361111111111,"Belgium","UK"
"164","Glasgow","Cluj-Napoca",2770896,2770.896,1721.8347744,103154,1719.23333333333,28.6538888888889,"Romania","UK"
"165","Glasgow","Cologne",1223513,1223.513,760.2909782,45403,756.716666666667,12.6119444444444,"Germany","UK"
"166","Glasgow","Copenhagen",1884287,1884.287,1170.8959418,71944,1199.06666666667,19.9844444444444,"Denmark","UK"
"167","Glasgow","Cracow",2262178,2262.178,1405.7174092,79911,1331.85,22.1975,"Poland","UK"
"168","Glasgow","Craiova",2977414,2977.414,1850.1650596,106470,1774.5,29.575,"Romania","UK"
"169","Glasgow","Daugavpils",2869138,2869.138,1782.8823532,106717,1778.61666666667,29.6436111111111,"Latvia","UK"
"170","Glasgow","Debrecen",2611155,2611.155,1622.571717,90716,1511.93333333333,25.1988888888889,"Hungary","UK"
"171","Glasgow","Drammen",2321029,2321.029,1442.2874206,90475,1507.91666666667,25.1319444444444,"Norway","UK"
"172","Glasgow","Dudelange",1229497,1229.497,764.0094358,45113,751.883333333333,12.5313888888889,"Luxembourg","UK"
"173","Glasgow","Eindhoven",1095564,1095.564,680.7834696,41391,689.85,11.4975,"Netherlands","UK"
"174","Glasgow","Esbjerg",1816720,1816.72,1128.909808,67228,1120.46666666667,18.6744444444444,"Denmark","UK"
"175","Glasgow","Esch-Alzette",1226457,1226.457,762.1203798,45016,750.266666666667,12.5044444444444,"Luxembourg","UK"
"176","Glasgow","Espoo",2990297,2990.297,1858.1705558,135277,2254.61666666667,37.5769444444444,"Finland","UK"
"177","Glasgow","Frankfurt",1400144,1400.144,870.0494816,51300,855,14.25,"Germany","UK"
"178","Glasgow","Gazimagusa",4745552,4745.552,2948.8860128,182506,3041.76666666667,50.6961111111111,"Cyprus","UK"
"179","Glasgow","Gent",950583,950.583,590.6922762,36524,608.733333333333,10.1455555555556,"Belgium","UK"
"180","Glasgow","Glasgow",0,0,0,0,0,0,"UK","UK"
"181","Glasgow","Goteborg",2187554,2187.554,1359.3460556,82323,1372.05,22.8675,"Sweden","UK"
"182","Glasgow","Graz",2104225,2104.225,1307.565415,75366,1256.1,20.935,"Austria","UK"
"183","Glasgow","Hamburg",1559035,1559.035,968.784349,56816,946.933333333333,15.7822222222222,"Germany","UK"
"184","Glasgow","Helsinki",3312019,3312.019,2058.0886066,133164,2219.4,36.99,"Finland","UK"
"185","Glasgow","Iasi",3202684,3202.684,1990.1478376,123252,2054.2,34.2366666666667,"Romania","UK"
"186","Glasgow","Innsbruck",1864844,1864.844,1158.8140616,66759,1112.65,18.5441666666667,"Austria","UK"
"187","Glasgow","Iraklion",4164164,4164.164,2587.6115096,169015,2816.91666666667,46.9486111111111,"Greece","UK"
"188","Glasgow","Jelgava",2880726,2880.726,1790.0831364,105936,1765.6,29.4266666666667,"Latvia","UK"
"189","Glasgow","Jurmala",2925213,2925.213,1817.7273582,108040,1800.66666666667,30.0111111111111,"Latvia","UK"
"190","Glasgow","Kaunas",2658614,2658.614,1652.0627396,96334,1605.56666666667,26.7594444444444,"Lithuania","UK"
"191","Glasgow","Klaipeda",2828186,2828.186,1757.4347804,102651,1710.85,28.5141666666667,"Lithuania","UK"
"192","Glasgow","Kohtla-Jarve",3301864,3301.864,2051.7782896,124284,2071.4,34.5233333333333,"Estonia","UK"
"193","Glasgow","Kosice",2514701,2514.701,1562.6352014,91151,1519.18333333333,25.3197222222222,"Slovakia","UK"
"194","Glasgow","Kranj",2155888,2155.888,1339.6688032,75496,1258.26666666667,20.9711111111111,"Slovenia","UK"
"195","Glasgow","Larnaca",4755214,4755.214,2954.8899796,182984,3049.73333333333,50.8288888888889,"Cyprus","UK"
"196","Glasgow","Leeds",355201,355.201,220.7219014,13870,231.166666666667,3.85277777777778,"UK","UK"
"197","Glasgow","Lemesos",4784132,4784.132,2972.8596248,183820,3063.66666666667,51.0611111111111,"Cyprus","UK"
"198","Glasgow","Liege",1099575,1099.575,683.275905,41041,684.016666666667,11.4002777777778,"Belgium","UK"
"199","Glasgow","Liepaja",2920071,2920.071,1814.5321194,106601,1776.68333333333,29.6113888888889,"Latvia","UK"
"200","Glasgow","Linz",1943885,1943.885,1207.930139,69531,1158.85,19.3141666666667,"Austria","UK"
"201","Glasgow","Lisbon",2816123,2816.123,1749.9388322,96085,1601.41666666667,26.6902777777778,"Portugal","UK"
"202","Glasgow","Liverpool",354402,354.402,220.2254028,13184,219.733333333333,3.66222222222222,"UK","UK"
"203","Glasgow","Ljubljana",2183545,2183.545,1356.854863,76683,1278.05,21.3008333333333,"Slovenia","UK"
"204","Glasgow","Lodz",2173422,2173.422,1350.5644308,75822,1263.7,21.0616666666667,"Poland","UK"
"205","Glasgow","London",662912,662.912,411.9335168,24011,400.183333333333,6.66972222222222,"UK","UK"
"206","Glasgow","Luxemburg",1193949,1193.949,741.9199086,45390,756.5,12.6083333333333,"Luxembourg","UK"
"207","Glasgow","Lyon",1562663,1562.663,971.0387882,54292,904.866666666667,15.0811111111111,"France","UK"
"208","Glasgow","Madrid",2355208,2355.208,1463.5262512,81571,1359.51666666667,22.6586111111111,"Spain","UK"
"209","Glasgow","Malmo",1916500,1916.5,1190.9131,73248,1220.8,20.3466666666667,"Sweden","UK"
"210","Glasgow","Maribor",2169208,2169.208,1347.9458512,77161,1286.01666666667,21.4336111111111,"Slovenia","UK"
"211","Glasgow","Marseille",1871407,1871.407,1162.8923098,63987,1066.45,17.7741666666667,"France","UK"
"212","Glasgow","Milan",1932160,1932.16,1200.644224,68220,1137,18.95,"Italy","UK"
"213","Glasgow","Miskolc",2563130,2563.13,1592.728982,89312,1488.53333333333,24.8088888888889,"Hungary","UK"
"214","Glasgow","Mosta",3530540,3530.54,2193.877556,135167,2252.78333333333,37.5463888888889,"Malta","UK"
"215","Glasgow","Munich",1775236,1775.236,1103.1316504,62292,1038.2,17.3033333333333,"Germany","UK"
"216","Glasgow","Naples",NA,NA,NA,NA,NA,NA,"Italy","UK"
"217","Glasgow","Narva",3339829,3339.829,2075.3697406,125966,2099.43333333333,34.9905555555556,"Estonia","UK"
"218","Glasgow","Nice",2029023,2029.023,1260.8348922,69160,1152.66666666667,19.2111111111111,"France","UK"
"219","Glasgow","Nicosia",4704525,4704.525,2923.391835,180881,3014.68333333333,50.2447222222222,"Cyprus","UK"
"220","Glasgow","Nicosia",4704525,4704.525,2923.391835,180881,3014.68333333333,50.2447222222222,"Cyprus","UK"
"221","Glasgow","Nicosia",4704525,4704.525,2923.391835,180881,3014.68333333333,50.2447222222222,"Cyprus","UK"
"222","Glasgow","Nicosia",4704525,4704.525,2923.391835,180881,3014.68333333333,50.2447222222222,"Cyprus","UK"
"223","Glasgow","Nitra",2278832,2278.832,1416.0662048,80184,1336.4,22.2733333333333,"Slovakia","UK"
"224","Glasgow","Odense",1856308,1856.308,1153.5097912,67714,1128.56666666667,18.8094444444444,"Denmark","UK"
"225","Glasgow","Olomouc",2178617,2178.617,1353.7926038,76492,1274.86666666667,21.2477777777778,"Czech Republic","UK"
"226","Glasgow","Osijek",2605965,2605.965,1619.346651,89338,1488.96666666667,24.8161111111111,"Croatia","UK"
"227","Glasgow","Oslo",2360325,2360.325,1466.705955,92116,1535.26666666667,25.5877777777778,"Norway","UK"
"228","Glasgow","Ostrava",2232843,2232.843,1387.4886402,78432,1307.2,21.7866666666667,"Czech Republic","UK"
"229","Glasgow","Palermo",3398206,3398.206,2111.6452084,120695,2011.58333333333,33.5263888888889,"Italy","UK"
"230","Glasgow","Panevezys",2760133,2760.133,1715.1466462,100491,1674.85,27.9141666666667,"Lithuania","UK"
"231","Glasgow","Paris",1096580,1096.58,681.414812,41183,686.383333333333,11.4397222222222,"France","UK"
"232","Glasgow","Parnu",3098379,3098.379,1925.3327106,114925,1915.41666666667,31.9236111111111,"Estonia","UK"
"233","Glasgow","Patrai",3795062,3795.062,2358.2515268,135756,2262.6,37.71,"Greece","UK"
"234","Glasgow","Pecs",2426018,2426.018,1507.5275852,87856,1464.26666666667,24.4044444444444,"Hungary","UK"
"235","Glasgow","Piraieus",3833861,3833.861,2382.3612254,134388,2239.8,37.33,"Greece","UK"
"236","Glasgow","Plovdiv",3270324,3270.324,2032.1793336,115697,1928.28333333333,32.1380555555556,"Bulgaria","UK"
"237","Glasgow","Plzen",1806997,1806.997,1122.8679358,64505,1075.08333333333,17.9180555555556,"Czech Republic","UK"
"238","Glasgow","Porto",2665275,2665.275,1656.201885,90508,1508.46666666667,25.1411111111111,"Portugal","UK"
"239","Glasgow","Poznan",1964684,1964.684,1220.8546376,69426,1157.1,19.285,"Poland","UK"
"240","Glasgow","Prague",1906440,1906.44,1184.661816,68017,1133.61666666667,18.8936111111111,"Czech Republic","UK"
"241","Glasgow","Presov",2477760,2477.76,1539.680064,89428,1490.46666666667,24.8411111111111,"Slovakia","UK"
"242","Glasgow","Qormi",3522622,3522.622,2188.9573108,134482,2241.36666666667,37.3561111111111,"Malta","UK"
"243","Glasgow","Rabat",3298321,3298.321,2049.5766694,118440,1974,32.9,"Malta","UK"
"244","Glasgow","Riga",2918646,2918.646,1813.6466244,107832,1797.2,29.9533333333333,"Latvia","UK"
"245","Glasgow","Rijeka",2293933,2293.933,1425.4499662,81719,1361.98333333333,22.6997222222222,"Croatia","UK"
"246","Glasgow","Rome",2500591,2500.591,1553.8672474,86834,1447.23333333333,24.1205555555556,"Italy","UK"
"247","Glasgow","Rotterdam",1108560,1108.56,688.859184,41893,698.216666666667,11.6369444444444,"Netherlands","UK"
"248","Glasgow","Ruse",3236094,3236.094,2010.9088116,118864,1981.06666666667,33.0177777777778,"Bulgaria","UK"
"249","Glasgow","Salzburg",1922318,1922.318,1194.5284052,67108,1118.46666666667,18.6411111111111,"Austria","UK"
"250","Glasgow","Schifflange",1226181,1226.181,761.9488734,45023,750.383333333333,12.5063888888889,"Luxembourg","UK"
"251","Glasgow","Setubal",2833543,2833.543,1760.7636202,96669,1611.15,26.8525,"Portugal","UK"
"252","Glasgow","Sevilla",2815222,2815.222,1749.3789508,95688,1594.8,26.58,"Spain","UK"
"253","Glasgow","Siauliai",2790788,2790.788,1734.1956632,102200,1703.33333333333,28.3888888888889,"Lithuania","UK"
"254","Glasgow","Sofia",3116237,3116.237,1936.4296718,110126,1835.43333333333,30.5905555555556,"Bulgaria","UK"
"255","Glasgow","Split",2651048,2651.048,1647.3612272,93093,1551.55,25.8591666666667,"Croatia","UK"
"256","Glasgow","Stavanger-Sandnes",2429447,2429.447,1509.6583658,98002,1633.36666666667,27.2227777777778,"Norway","UK"
"257","Glasgow","Stockholm",2528700,2528.7,1571.33418,94213,1570.21666666667,26.1702777777778,"Sweden","UK"
"258","Glasgow","Szeged",2520594,2520.594,1566.2971116,87873,1464.55,24.4091666666667,"Hungary","UK"
"259","Glasgow","Tallinn",3225297,3225.297,2004.1995558,120671,2011.18333333333,33.5197222222222,"Estonia","UK"
"260","Glasgow","Tampere",3003261,3003.261,1866.2263854,136807,2280.11666666667,38.0019444444444,"Finland","UK"
"261","Glasgow","Tartu",3161685,3161.685,1964.671059,117952,1965.86666666667,32.7644444444444,"Estonia","UK"
"262","Glasgow","Thessaloniki",3365688,3365.688,2091.4385232,118716,1978.6,32.9766666666667,"Greece","UK"
"263","Glasgow","Timisoara",2662080,2662.08,1654.216512,92998,1549.96666666667,25.8327777777778,"Romania","UK"
"264","Glasgow","Toulouse",1766316,1766.316,1097.5887624,62456,1040.93333333333,17.3488888888889,"France","UK"
"265","Glasgow","Trondheim",2855249,2855.249,1774.2517286,114832,1913.86666666667,31.8977777777778,"Norway","UK"
"266","Glasgow","Turin",1862864,1862.864,1157.5836896,65984,1099.73333333333,18.3288888888889,"Italy","UK"
"267","Glasgow","Turku",2841555,2841.555,1765.742277,130002,2166.7,36.1116666666667,"Finland","UK"
"268","Glasgow","Uppsala",2594472,2594.472,1612.2049008,96961,1616.01666666667,26.9336111111111,"Sweden","UK"
"269","Glasgow","Utrecht",1137326,1137.326,706.7343764,42902,715.033333333333,11.9172222222222,"Netherlands","UK"
"270","Glasgow","Valencia",2463176,2463.176,1530.6175664,84034,1400.56666666667,23.3427777777778,"Spain","UK"
"271","Glasgow","Vantaa",3013654,3013.654,1872.6845956,136256,2270.93333333333,37.8488888888889,"Finland","UK"
"272","Glasgow","Varna",3427946,3427.946,2130.1256444,126849,2114.15,35.2358333333333,"Bulgaria","UK"
"273","Glasgow","Vasteras",2512419,2512.419,1561.2171666,94474,1574.56666666667,26.2427777777778,"Sweden","UK"
"274","Glasgow","Velenje",2242423,2242.423,1393.4416522,79776,1329.6,22.16,"Slovenia","UK"
"275","Glasgow","Vienna",2106596,2106.596,1309.0387544,75277,1254.61666666667,20.9102777777778,"Austria","UK"
"276","Glasgow","Vilnius",2714562,2714.562,1686.8288268,98439,1640.65,27.3441666666667,"Lithuania","UK"
"277","Glasgow","Warsaw",2265876,2265.876,1408.0153464,78208,1303.46666666667,21.7244444444444,"Poland","UK"
"278","Glasgow","Wroclaw",2010879,2010.879,1249.5602106,71991,1199.85,19.9975,"Poland","UK"
"279","Glasgow","Zabbar",3527228,3527.228,2191.8194792,134914,2248.56666666667,37.4761111111111,"Malta","UK"
"280","Glasgow","Zadar",2527575,2527.575,1570.635105,89403,1490.05,24.8341666666667,"Croatia","UK"
"281","Glasgow","Zagreb",2326020,2326.02,1445.388828,81789,1363.15,22.7191666666667,"Croatia","UK"
"282","Glasgow","Zaragoza",2135914,2135.914,1327.2569596,74983,1249.71666666667,20.8286111111111,"Spain","UK"
"283","Glasgow","Zilina",2310499,2310.499,1435.7440786,82441,1374.01666666667,22.9002777777778,"Slovakia","UK"
"284","Glasgow","s-Gravenhage",907393,907.393,563.8540102,43571,726.183333333333,12.1030555555556,"Netherlands","UK"
"285","Leeds","Aalborg",1667037,1667.037,1035.8967918,60083,1001.38333333333,16.6897222222222,"Denmark","UK"
"286","Leeds","Amadora",2491785,2491.785,1548.395199,83954,1399.23333333333,23.3205555555556,"Portugal","UK"
"287","Leeds","Amsterdam",839912,839.912,521.9213168,32440,540.666666666667,9.01111111111111,"Netherlands","UK"
"288","Leeds","Antwerp",679564,679.564,422.2810696,26654,444.233333333333,7.40388888888889,"Belgium","UK"
"289","Leeds","Arhus",1557758,1557.758,967.9908212,56610,943.5,15.725,"Denmark","UK"
"290","Leeds","Athens",3498361,3498.361,2173.8815254,122442,2040.7,34.0116666666667,"Greece","UK"
"291","Leeds","Barcelona",1797244,1797.244,1116.8074216,62012,1033.53333333333,17.2255555555556,"Spain","UK"
"292","Leeds","Bergen",2328531,2328.531,1446.9491634,101368,1689.46666666667,28.1577777777778,"Norway","UK"
"293","Leeds","Berlin",1400699,1400.699,870.3943586,50694,844.9,14.0816666666667,"Germany","UK"
"294","Leeds","Bettembourg",895401,895.401,556.4021814,33132,552.2,9.20333333333333,"Luxembourg","UK"
"295","Leeds","Birkirkara",3195631,3195.631,1985.7651034,122708,2045.13333333333,34.0855555555556,"Malta","UK"
"296","Leeds","Birmingham",NA,NA,NA,NA,NA,NA,"UK","UK"
"297","Leeds","Braga",2307895,2307.895,1434.125953,77817,1296.95,21.6158333333333,"Portugal","UK"
"298","Leeds","Bratislava",1864154,1864.154,1158.3852956,65563,1092.71666666667,18.2119444444444,"Slovakia","UK"
"299","Leeds","Brno",1775133,1775.133,1103.0676462,62478,1041.3,17.355,"Czech Republic","UK"
"300","Leeds","Brussels",671816,671.816,417.4664624,26385,439.75,7.32916666666667,"Belgium","UK"
"301","Leeds","Bucharest",2854395,2854.395,1773.721053,104062,1734.36666666667,28.9061111111111,"Romania","UK"
"302","Leeds","Budapest",2026798,2026.798,1259.4522772,71000,1183.33333333333,19.7222222222222,"Hungary","UK"
"303","Leeds","Burgas",3179827,3179.827,1975.9444978,110659,1844.31666666667,30.7386111111111,"Bulgaria","UK"
"304","Leeds","Celje",1893934,1893.934,1176.8905876,67020,1117,18.6166666666667,"Slovenia","UK"
"305","Leeds","Charleroi",703322,703.322,437.0442908,27203,453.383333333333,7.55638888888889,"Belgium","UK"
"306","Leeds","Cluj-Napoca",2442465,2442.465,1517.747751,91346,1522.43333333333,25.3738888888889,"Romania","UK"
"307","Leeds","Cologne",895082,895.082,556.2039548,33596,559.933333333333,9.33222222222222,"Germany","UK"
"308","Leeds","Copenhagen",1555856,1555.856,966.8089184,60136,1002.26666666667,16.7044444444444,"Denmark","UK"
"309","Leeds","Cracow",1933747,1933.747,1201.6303858,68103,1135.05,18.9175,"Poland","UK"
"310","Leeds","Craiova",2648983,2648.983,1646.0780362,94662,1577.7,26.295,"Romania","UK"
"311","Leeds","Daugavpils",2540707,2540.707,1578.7953298,94909,1581.81666666667,26.3636111111111,"Latvia","UK"
"312","Leeds","Debrecen",2282723,2282.723,1418.4840722,78908,1315.13333333333,21.9188888888889,"Hungary","UK"
"313","Leeds","Drammen",1992598,1992.598,1238.2003972,78667,1311.11666666667,21.8519444444444,"Norway","UK"
"314","Leeds","Dudelange",901066,901.066,559.9224124,33305,555.083333333333,9.25138888888889,"Luxembourg","UK"
"315","Leeds","Eindhoven",767132,767.132,476.6958248,29583,493.05,8.2175,"Netherlands","UK"
"316","Leeds","Esbjerg",1488289,1488.289,924.8227846,55421,923.683333333333,15.3947222222222,"Denmark","UK"
"317","Leeds","Esch-Alzette",898026,898.026,558.0333564,33208,553.466666666667,9.22444444444444,"Luxembourg","UK"
"318","Leeds","Espoo",2661866,2661.866,1654.0835324,123469,2057.81666666667,34.2969444444444,"Finland","UK"
"319","Leeds","Frankfurt",1071712,1071.712,665.9618368,39492,658.2,10.97,"Germany","UK"
"320","Leeds","Gazimagusa",4417120,4417.12,2744.798368,170698,2844.96666666667,47.4161111111111,"Cyprus","UK"
"321","Leeds","Gent",622152,622.152,386.6052528,24716,411.933333333333,6.86555555555556,"Belgium","UK"
"322","Leeds","Glasgow",359911,359.911,223.6486954,13709,228.483333333333,3.80805555555556,"UK","UK"
"323","Leeds","Goteborg",1859123,1859.123,1155.2590322,70515,1175.25,19.5875,"Sweden","UK"
"324","Leeds","Graz",1775794,1775.794,1103.4783916,63558,1059.3,17.655,"Austria","UK"
"325","Leeds","Hamburg",1230603,1230.603,764.6967042,45008,750.133333333333,12.5022222222222,"Germany","UK"
"326","Leeds","Helsinki",2983588,2983.588,1854.0015832,121356,2022.6,33.71,"Finland","UK"
"327","Leeds","Iasi",2874253,2874.253,1786.0608142,111444,1857.4,30.9566666666667,"Romania","UK"
"328","Leeds","Innsbruck",1536413,1536.413,954.7270382,54951,915.85,15.2641666666667,"Austria","UK"
"329","Leeds","Iraklion",3835733,3835.733,2383.5244862,157207,2620.11666666667,43.6686111111111,"Greece","UK"
"330","Leeds","Jelgava",2552295,2552.295,1585.996113,94128,1568.8,26.1466666666667,"Latvia","UK"
"331","Leeds","Jurmala",2596781,2596.781,1613.6397134,96232,1603.86666666667,26.7311111111111,"Latvia","UK"
"332","Leeds","Kaunas",2330183,2330.183,1447.9757162,84526,1408.76666666667,23.4794444444444,"Lithuania","UK"
"333","Leeds","Klaipeda",2499755,2499.755,1553.347757,90844,1514.06666666667,25.2344444444444,"Lithuania","UK"
"334","Leeds","Kohtla-Jarve",2973433,2973.433,1847.6912662,112476,1874.6,31.2433333333333,"Estonia","UK"
"335","Leeds","Kosice",2186270,2186.27,1358.548178,79343,1322.38333333333,22.0397222222222,"Slovakia","UK"
"336","Leeds","Kranj",1827456,1827.456,1135.5811584,63688,1061.46666666667,17.6911111111111,"Slovenia","UK"
"337","Leeds","Larnaca",4426782,4426.782,2750.8023348,171176,2852.93333333333,47.5488888888889,"Cyprus","UK"
"338","Leeds","Leeds",0,0,0,0,0,0,"UK","UK"
"339","Leeds","Lemesos",4455700,4455.7,2768.77198,172012,2866.86666666667,47.7811111111111,"Cyprus","UK"
"340","Leeds","Liege",771144,771.144,479.1888816,29233,487.216666666667,8.12027777777778,"Belgium","UK"
"341","Leeds","Liepaja",2591640,2591.64,1610.445096,94793,1579.88333333333,26.3313888888889,"Latvia","UK"
"342","Leeds","Linz",1615453,1615.453,1003.8424942,57723,962.05,16.0341666666667,"Austria","UK"
"343","Leeds","Lisbon",2487691,2487.691,1545.8511874,84277,1404.61666666667,23.4102777777778,"Portugal","UK"
"344","Leeds","Liverpool",119334,119.334,74.1541476,5590,93.1666666666667,1.55277777777778,"UK","UK"
"345","Leeds","Ljubljana",1855114,1855.114,1152.7678396,64875,1081.25,18.0208333333333,"Slovenia","UK"
"346","Leeds","Lodz",1844991,1844.991,1146.4774074,64014,1066.9,17.7816666666667,"Poland","UK"
"347","Leeds","London",313892,313.892,195.0524888,13457,224.283333333333,3.73805555555556,"UK","UK"
"348","Leeds","Luxemburg",865518,865.518,537.8328852,33582,559.7,9.32833333333333,"Luxembourg","UK"
"349","Leeds","Lyon",1234232,1234.232,766.9517648,42484,708.066666666667,11.8011111111111,"France","UK"
"350","Leeds","Madrid",2026776,2026.776,1259.4386064,69764,1162.73333333333,19.3788888888889,"Spain","UK"
"351","Leeds","Malmo",1588069,1588.069,986.8260766,61440,1024,17.0666666666667,"Sweden","UK"
"352","Leeds","Maribor",1840777,1840.777,1143.8588278,65353,1089.21666666667,18.1536111111111,"Slovenia","UK"
"353","Leeds","Marseille",1542976,1542.976,958.8052864,52179,869.65,14.4941666666667,"France","UK"
"354","Leeds","Milan",1603729,1603.729,996.5572006,56412,940.2,15.67,"Italy","UK"
"355","Leeds","Miskolc",2234698,2234.698,1388.6413372,77504,1291.73333333333,21.5288888888889,"Hungary","UK"
"356","Leeds","Mosta",3202109,3202.109,1989.7905326,123359,2055.98333333333,34.2663888888889,"Malta","UK"
"357","Leeds","Munich",1446805,1446.805,899.044627,50484,841.4,14.0233333333333,"Germany","UK"
"358","Leeds","Naples",NA,NA,NA,NA,NA,NA,"Italy","UK"
"359","Leeds","Narva",3011398,3011.398,1871.2827172,114159,1902.65,31.7108333333333,"Estonia","UK"
"360","Leeds","Nice",1700592,1700.592,1056.7478688,57352,955.866666666667,15.9311111111111,"France","UK"
"361","Leeds","Nicosia",4376094,4376.094,2719.3048116,169073,2817.88333333333,46.9647222222222,"Cyprus","UK"
"362","Leeds","Nicosia",4376094,4376.094,2719.3048116,169073,2817.88333333333,46.9647222222222,"Cyprus","UK"
"363","Leeds","Nicosia",4376094,4376.094,2719.3048116,169073,2817.88333333333,46.9647222222222,"Cyprus","UK"
"364","Leeds","Nicosia",4376094,4376.094,2719.3048116,169073,2817.88333333333,46.9647222222222,"Cyprus","UK"
"365","Leeds","Nitra",1950401,1950.401,1211.9791814,68376,1139.6,18.9933333333333,"Slovakia","UK"
"366","Leeds","Odense",1527877,1527.877,949.4227678,55906,931.766666666667,15.5294444444444,"Denmark","UK"
"367","Leeds","Olomouc",1850186,1850.186,1149.7055804,64684,1078.06666666667,17.9677777777778,"Czech Republic","UK"
"368","Leeds","Osijek",2277534,2277.534,1415.2596276,77530,1292.16666666667,21.5361111111111,"Croatia","UK"
"369","Leeds","Oslo",2031894,2031.894,1262.6189316,80308,1338.46666666667,22.3077777777778,"Norway","UK"
"370","Leeds","Ostrava",1904412,1904.412,1183.4016168,66625,1110.41666666667,18.5069444444444,"Czech Republic","UK"
"371","Leeds","Palermo",3069775,3069.775,1907.558185,108887,1814.78333333333,30.2463888888889,"Italy","UK"
"372","Leeds","Panevezys",2431702,2431.702,1511.0596228,88683,1478.05,24.6341666666667,"Lithuania","UK"
"373","Leeds","Paris",768149,768.149,477.3277886,29375,489.583333333333,8.15972222222222,"France","UK"
"374","Leeds","Parnu",2769948,2769.948,1721.2456872,103117,1718.61666666667,28.6436111111111,"Estonia","UK"
"375","Leeds","Patrai",3466630,3466.63,2154.163882,123948,2065.8,34.43,"Greece","UK"
"376","Leeds","Pecs",2097587,2097.587,1303.4405618,76048,1267.46666666667,21.1244444444444,"Hungary","UK"
"377","Leeds","Piraieus",3505430,3505.43,2178.274202,122580,2043,34.05,"Greece","UK"
"378","Leeds","Plovdiv",2941893,2941.893,1828.0923102,103889,1731.48333333333,28.8580555555556,"Bulgaria","UK"
"379","Leeds","Plzen",1478566,1478.566,918.7809124,52697,878.283333333333,14.6380555555556,"Czech Republic","UK"
"380","Leeds","Porto",2336843,2336.843,1452.1142402,78700,1311.66666666667,21.8611111111111,"Portugal","UK"
"381","Leeds","Poznan",1636252,1636.252,1016.7669928,57618,960.3,16.005,"Poland","UK"
"382","Leeds","Prague",1578008,1578.008,980.5741712,56209,936.816666666667,15.6136111111111,"Czech Republic","UK"
"383","Leeds","Presov",2149329,2149.329,1335.5930406,77620,1293.66666666667,21.5611111111111,"Slovakia","UK"
"384","Leeds","Qormi",3194191,3194.191,1984.8702874,122674,2044.56666666667,34.0761111111111,"Malta","UK"
"385","Leeds","Rabat",2969890,2969.89,1845.489646,106632,1777.2,29.62,"Malta","UK"
"386","Leeds","Riga",2590215,2590.215,1609.559601,96024,1600.4,26.6733333333333,"Latvia","UK"
"387","Leeds","Rijeka",1965502,1965.502,1221.3629428,69911,1165.18333333333,19.4197222222222,"Croatia","UK"
"388","Leeds","Rome",2172160,2172.16,1349.780224,75026,1250.43333333333,20.8405555555556,"Italy","UK"
"389","Leeds","Rotterdam",780129,780.129,484.7721606,30086,501.433333333333,8.35722222222222,"Netherlands","UK"
"390","Leeds","Ruse",2907663,2907.663,1806.8217882,107056,1784.26666666667,29.7377777777778,"Bulgaria","UK"
"391","Leeds","Salzburg",1593887,1593.887,990.4413818,55300,921.666666666667,15.3611111111111,"Austria","UK"
"392","Leeds","Schifflange",897750,897.75,557.86185,33215,553.583333333333,9.22638888888889,"Luxembourg","UK"
"393","Leeds","Setubal",2505112,2505.112,1556.6765968,84862,1414.36666666667,23.5727777777778,"Portugal","UK"
"394","Leeds","Sevilla",2486791,2486.791,1545.2919274,83880,1398,23.3,"Spain","UK"
"395","Leeds","Siauliai",2462357,2462.357,1530.1086398,90392,1506.53333333333,25.1088888888889,"Lithuania","UK"
"396","Leeds","Sofia",2787806,2787.806,1732.3426484,98319,1638.65,27.3108333333333,"Bulgaria","UK"
"397","Leeds","Split",2322617,2322.617,1443.2742038,81285,1354.75,22.5791666666667,"Croatia","UK"
"398","Leeds","Stavanger-Sandnes",2101016,2101.016,1305.5713424,86194,1436.56666666667,23.9427777777778,"Norway","UK"
"399","Leeds","Stockholm",2200269,2200.269,1367.2471566,82405,1373.41666666667,22.8902777777778,"Sweden","UK"
"400","Leeds","Szeged",2192163,2192.163,1362.2100882,76065,1267.75,21.1291666666667,"Hungary","UK"
"401","Leeds","Tallinn",2896866,2896.866,1800.1125324,108863,1814.38333333333,30.2397222222222,"Estonia","UK"
"402","Leeds","Tampere",2674829,2674.829,1662.1387406,125000,2083.33333333333,34.7222222222222,"Finland","UK"
"403","Leeds","Tartu",2833253,2833.253,1760.5834142,106144,1769.06666666667,29.4844444444444,"Estonia","UK"
"404","Leeds","Thessaloniki",3037257,3037.257,1887.3514998,106909,1781.81666666667,29.6969444444444,"Greece","UK"
"405","Leeds","Timisoara",2333649,2333.649,1450.1294886,81190,1353.16666666667,22.5527777777778,"Romania","UK"
"406","Leeds","Toulouse",1437885,1437.885,893.501739,50648,844.133333333333,14.0688888888889,"France","UK"
"407","Leeds","Trondheim",2526817,2526.817,1570.1640838,103024,1717.06666666667,28.6177777777778,"Norway","UK"
"408","Leeds","Turin",1534433,1534.433,953.4966662,54176,902.933333333333,15.0488888888889,"Italy","UK"
"409","Leeds","Turku",2513124,2513.124,1561.6552536,118194,1969.9,32.8316666666667,"Finland","UK"
"410","Leeds","Uppsala",2266041,2266.041,1408.1178774,85153,1419.21666666667,23.6536111111111,"Sweden","UK"
"411","Leeds","Utrecht",808895,808.895,502.647353,31094,518.233333333333,8.63722222222222,"Netherlands","UK"
"412","Leeds","Valencia",2134745,2134.745,1326.530543,72226,1203.76666666667,20.0627777777778,"Spain","UK"
"413","Leeds","Vantaa",2685223,2685.223,1668.5975722,124448,2074.13333333333,34.5688888888889,"Finland","UK"
"414","Leeds","Varna",3099514,3099.514,1926.0379996,115041,1917.35,31.9558333333333,"Bulgaria","UK"
"415","Leeds","Vasteras",2183988,2183.988,1357.1301432,82666,1377.76666666667,22.9627777777778,"Sweden","UK"
"416","Leeds","Velenje",1913992,1913.992,1189.3546288,67968,1132.8,18.88,"Slovenia","UK"
"417","Leeds","Vienna",1778164,1778.164,1104.9511096,63470,1057.83333333333,17.6305555555556,"Austria","UK"
"418","Leeds","Vilnius",2386131,2386.131,1482.7418034,86631,1443.85,24.0641666666667,"Lithuania","UK"
"419","Leeds","Warsaw",1937444,1937.444,1203.9277016,66400,1106.66666666667,18.4444444444444,"Poland","UK"
"420","Leeds","Wroclaw",1682448,1682.448,1045.4731872,60183,1003.05,16.7175,"Poland","UK"
"421","Leeds","Zabbar",3198797,3198.797,1987.7324558,123106,2051.76666666667,34.1961111111111,"Malta","UK"
"422","Leeds","Zadar",2199143,2199.143,1366.5474602,77595,1293.25,21.5541666666667,"Croatia","UK"
"423","Leeds","Zagreb",1997589,1997.589,1241.3018046,69981,1166.35,19.4391666666667,"Croatia","UK"
"424","Leeds","Zaragoza",1807482,1807.482,1123.1693148,63175,1052.91666666667,17.5486111111111,"Spain","UK"
"425","Leeds","Zilina",1982067,1982.067,1231.6564338,70633,1177.21666666667,19.6202777777778,"Slovakia","UK"
"426","Leeds","s-Gravenhage",578962,578.962,359.7669868,31763,529.383333333333,8.82305555555556,"Netherlands","UK"
"427","Liverpool","Aalborg",1729968,1729.968,1075.0021152,62054,1034.23333333333,17.2372222222222,"Denmark","UK"
"428","Liverpool","Amadora",2554716,2554.716,1587.5005224,85925,1432.08333333333,23.8680555555556,"Portugal","UK"
"429","Liverpool","Amsterdam",902843,902.843,561.0266402,34410,573.5,9.55833333333333,"Netherlands","UK"
"430","Liverpool","Antwerp",742495,742.495,461.386393,28624,477.066666666667,7.95111111111111,"Belgium","UK"
"431","Liverpool","Arhus",1620689,1620.689,1007.0961446,58580,976.333333333333,16.2722222222222,"Denmark","UK"
"432","Liverpool","Athens",3561292,3561.292,2212.9868488,124412,2073.53333333333,34.5588888888889,"Greece","UK"
"433","Liverpool","Barcelona",1860175,1860.175,1155.912745,63982,1066.36666666667,17.7727777777778,"Spain","UK"
"434","Liverpool","Bergen",2391462,2391.462,1486.0544868,103339,1722.31666666667,28.7052777777778,"Norway","UK"
"435","Liverpool","Berlin",1463630,1463.63,909.499682,52664,877.733333333333,14.6288888888889,"Germany","UK"
"436","Liverpool","Bettembourg",958332,958.332,595.5075048,35103,585.05,9.75083333333333,"Luxembourg","UK"
"437","Liverpool","Birkirkara",3258562,3258.562,2024.8704268,124678,2077.96666666667,34.6327777777778,"Malta","UK"
"438","Liverpool","Birmingham",NA,NA,NA,NA,NA,NA,"UK","UK"
"439","Liverpool","Braga",2370825,2370.825,1473.230655,79788,1329.8,22.1633333333333,"Portugal","UK"
"440","Liverpool","Bratislava",1927085,1927.085,1197.490619,67534,1125.56666666667,18.7594444444444,"Slovakia","UK"
"441","Liverpool","Brno",1838064,1838.064,1142.1729696,64448,1074.13333333333,17.9022222222222,"Czech Republic","UK"
"442","Liverpool","Brussels",734747,734.747,456.5717858,28355,472.583333333333,7.87638888888889,"Belgium","UK"
"443","Liverpool","Bucharest",2917326,2917.326,1812.8263764,106032,1767.2,29.4533333333333,"Romania","UK"
"444","Liverpool","Budapest",2089729,2089.729,1298.5576006,72970,1216.16666666667,20.2694444444444,"Hungary","UK"
"445","Liverpool","Burgas",3242758,3242.758,2015.0498212,112630,1877.16666666667,31.2861111111111,"Bulgaria","UK"
"446","Liverpool","Celje",1956865,1956.865,1215.995911,68990,1149.83333333333,19.1638888888889,"Slovenia","UK"
"447","Liverpool","Charleroi",766253,766.253,476.1496142,29173,486.216666666667,8.10361111111111,"Belgium","UK"
"448","Liverpool","Cluj-Napoca",2505396,2505.396,1556.8530744,93316,1555.26666666667,25.9211111111111,"Romania","UK"
"449","Liverpool","Cologne",958013,958.013,595.3092782,35566,592.766666666667,9.87944444444445,"Germany","UK"
"450","Liverpool","Copenhagen",1618787,1618.787,1005.9142418,62107,1035.11666666667,17.2519444444444,"Denmark","UK"
"451","Liverpool","Cracow",1996678,1996.678,1240.7357092,70073,1167.88333333333,19.4647222222222,"Poland","UK"
"452","Liverpool","Craiova",2711914,2711.914,1685.1833596,96632,1610.53333333333,26.8422222222222,"Romania","UK"
"453","Liverpool","Daugavpils",2603638,2603.638,1617.9006532,96879,1614.65,26.9108333333333,"Latvia","UK"
"454","Liverpool","Debrecen",2345654,2345.654,1457.5893956,80879,1347.98333333333,22.4663888888889,"Hungary","UK"
"455","Liverpool","Drammen",2055529,2055.529,1277.3057206,80638,1343.96666666667,22.3994444444444,"Norway","UK"
"456","Liverpool","Dudelange",963997,963.997,599.0277358,35275,587.916666666667,9.79861111111111,"Luxembourg","UK"
"457","Liverpool","Eindhoven",830063,830.063,515.8011482,31554,525.9,8.765,"Netherlands","UK"
"458","Liverpool","Esbjerg",1551220,1551.22,963.928108,57391,956.516666666667,15.9419444444444,"Denmark","UK"
"459","Liverpool","Esch-Alzette",960957,960.957,597.1386798,35178,586.3,9.77166666666667,"Luxembourg","UK"
"460","Liverpool","Espoo",2724796,2724.796,1693.1882344,125439,2090.65,34.8441666666667,"Finland","UK"
"461","Liverpool","Frankfurt",1134643,1134.643,705.0671602,41462,691.033333333333,11.5172222222222,"Germany","UK"
"462","Liverpool","Gazimagusa",4480051,4480.051,2783.9036914,172669,2877.81666666667,47.9636111111111,"Cyprus","UK"
"463","Liverpool","Gent",685083,685.083,425.7105762,26686,444.766666666667,7.41277777777778,"Belgium","UK"
"464","Liverpool","Glasgow",352408,352.408,218.9863312,12984,216.4,3.60666666666667,"UK","UK"
"465","Liverpool","Goteborg",1922054,1922.054,1194.3643556,72486,1208.1,20.135,"Sweden","UK"
"466","Liverpool","Graz",1838725,1838.725,1142.583715,65528,1092.13333333333,18.2022222222222,"Austria","UK"
"467","Liverpool","Hamburg",1293534,1293.534,803.8020276,46979,782.983333333333,13.0497222222222,"Germany","UK"
"468","Liverpool","Helsinki",3046519,3046.519,1893.1069066,123327,2055.45,34.2575,"Finland","UK"
"469","Liverpool","Iasi",2937184,2937.184,1825.1661376,113415,1890.25,31.5041666666667,"Romania","UK"
"470","Liverpool","Innsbruck",1599343,1599.343,993.8317402,56922,948.7,15.8116666666667,"Austria","UK"
"471","Liverpool","Iraklion",3898664,3898.664,2422.6298096,159178,2652.96666666667,44.2161111111111,"Greece","UK"
"472","Liverpool","Jelgava",2615226,2615.226,1625.1014364,96099,1601.65,26.6941666666667,"Latvia","UK"
"473","Liverpool","Jurmala",2659712,2659.712,1652.7450368,98202,1636.7,27.2783333333333,"Latvia","UK"
"474","Liverpool","Kaunas",2393114,2393.114,1487.0810396,86497,1441.61666666667,24.0269444444444,"Lithuania","UK"
"475","Liverpool","Klaipeda",2562685,2562.685,1592.452459,92814,1546.9,25.7816666666667,"Lithuania","UK"
"476","Liverpool","Kohtla-Jarve",3036364,3036.364,1886.7965896,114447,1907.45,31.7908333333333,"Estonia","UK"
"477","Liverpool","Kosice",2249200,2249.2,1397.65288,81313,1355.21666666667,22.5869444444444,"Slovakia","UK"
"478","Liverpool","Kranj",1890387,1890.387,1174.6864818,65659,1094.31666666667,18.2386111111111,"Slovenia","UK"
"479","Liverpool","Larnaca",4489713,4489.713,2789.9076582,173146,2885.76666666667,48.0961111111111,"Cyprus","UK"
"480","Liverpool","Leeds",117343,117.343,72.9169402,5326,88.7666666666667,1.47944444444444,"UK","UK"
"481","Liverpool","Lemesos",4518631,4518.631,2807.8773034,173983,2899.71666666667,48.3286111111111,"Cyprus","UK"
"482","Liverpool","Liege",834075,834.075,518.294205,31204,520.066666666667,8.66777777777778,"Belgium","UK"
"483","Liverpool","Liepaja",2654571,2654.571,1649.5504194,96764,1612.73333333333,26.8788888888889,"Latvia","UK"
"484","Liverpool","Linz",1678384,1678.384,1042.9478176,59693,994.883333333333,16.5813888888889,"Austria","UK"
"485","Liverpool","Lisbon",2550622,2550.622,1584.9565108,86248,1437.46666666667,23.9577777777778,"Portugal","UK"
"486","Liverpool","Liverpool",0,0,0,0,0,0,"UK","UK"
"487","Liverpool","Ljubljana",1918045,1918.045,1191.873163,66845,1114.08333333333,18.5680555555556,"Slovenia","UK"
"488","Liverpool","Lodz",1907922,1907.922,1185.5827308,65985,1099.75,18.3291666666667,"Poland","UK"
"489","Liverpool","London",355588,355.588,220.9623832,14055,234.25,3.90416666666667,"UK","UK"
"490","Liverpool","Luxemburg",928449,928.449,576.9382086,35552,592.533333333333,9.87555555555556,"Luxembourg","UK"
"491","Liverpool","Lyon",1297163,1297.163,806.0570882,44454,740.9,12.3483333333333,"France","UK"
"492","Liverpool","Madrid",2089707,2089.707,1298.5439298,71734,1195.56666666667,19.9261111111111,"Spain","UK"
"493","Liverpool","Malmo",1651000,1651,1025.9314,63411,1056.85,17.6141666666667,"Sweden","UK"
"494","Liverpool","Maribor",1903708,1903.708,1182.9641512,67323,1122.05,18.7008333333333,"Slovenia","UK"
"495","Liverpool","Marseille",1605906,1605.906,997.9099884,54149,902.483333333333,15.0413888888889,"France","UK"
"496","Liverpool","Milan",1666660,1666.66,1035.662524,58382,973.033333333333,16.2172222222222,"Italy","UK"
"497","Liverpool","Miskolc",2297629,2297.629,1427.7466606,79474,1324.56666666667,22.0761111111111,"Hungary","UK"
"498","Liverpool","Mosta",3265040,3265.04,2028.895856,125330,2088.83333333333,34.8138888888889,"Malta","UK"
"499","Liverpool","Munich",1509736,1509.736,938.1499504,52454,874.233333333333,14.5705555555556,"Germany","UK"
"500","Liverpool","Naples",NA,NA,NA,NA,NA,NA,"Italy","UK"
"501","Liverpool","Narva",3074329,3074.329,1910.3880406,116129,1935.48333333333,32.2580555555556,"Estonia","UK"
"502","Liverpool","Nice",1763523,1763.523,1095.8531922,59323,988.716666666667,16.4786111111111,"France","UK"
"503","Liverpool","Nicosia",4439024,4439.024,2758.4095136,171044,2850.73333333333,47.5122222222222,"Cyprus","UK"
"504","Liverpool","Nicosia",4439024,4439.024,2758.4095136,171044,2850.73333333333,47.5122222222222,"Cyprus","UK"
"505","Liverpool","Nicosia",4439024,4439.024,2758.4095136,171044,2850.73333333333,47.5122222222222,"Cyprus","UK"
"506","Liverpool","Nicosia",4439024,4439.024,2758.4095136,171044,2850.73333333333,47.5122222222222,"Cyprus","UK"
"507","Liverpool","Nitra",2013332,2013.332,1251.0845048,70347,1172.45,19.5408333333333,"Slovakia","UK"
"508","Liverpool","Odense",1590808,1590.808,988.5280912,57876,964.6,16.0766666666667,"Denmark","UK"
"509","Liverpool","Olomouc",1913117,1913.117,1188.8109038,66654,1110.9,18.515,"Czech Republic","UK"
"510","Liverpool","Osijek",2340465,2340.465,1454.364951,79500,1325,22.0833333333333,"Croatia","UK"
"511","Liverpool","Oslo",2094825,2094.825,1301.724255,82278,1371.3,22.855,"Norway","UK"
"512","Liverpool","Ostrava",1967342,1967.342,1222.5063188,68595,1143.25,19.0541666666667,"Czech Republic","UK"
"513","Liverpool","Palermo",3132706,3132.706,1946.6635084,110857,1847.61666666667,30.7936111111111,"Italy","UK"
"514","Liverpool","Panevezys",2494633,2494.633,1550.1649462,90654,1510.9,25.1816666666667,"Lithuania","UK"
"515","Liverpool","Paris",831080,831.08,516.433112,31346,522.433333333333,8.70722222222222,"France","UK"
"516","Liverpool","Parnu",2832879,2832.879,1760.3510106,105087,1751.45,29.1908333333333,"Estonia","UK"
"517","Liverpool","Patrai",3529561,3529.561,2193.2692054,125918,2098.63333333333,34.9772222222222,"Greece","UK"
"518","Liverpool","Pecs",2160518,2160.518,1342.5458852,78019,1300.31666666667,21.6719444444444,"Hungary","UK"
"519","Liverpool","Piraieus",3568361,3568.361,2217.3795254,124551,2075.85,34.5975,"Greece","UK"
"520","Liverpool","Plovdiv",3004823,3004.823,1867.1970122,105860,1764.33333333333,29.4055555555556,"Bulgaria","UK"
"521","Liverpool","Plzen",1541497,1541.497,957.8862358,54667,911.116666666667,15.1852777777778,"Czech Republic","UK"
"522","Liverpool","Porto",2399774,2399.774,1491.2195636,80670,1344.5,22.4083333333333,"Portugal","UK"
"523","Liverpool","Poznan",1699183,1699.183,1055.8723162,59588,993.133333333333,16.5522222222222,"Poland","UK"
"524","Liverpool","Prague",1640939,1640.939,1019.6794946,58180,969.666666666667,16.1611111111111,"Czech Republic","UK"
"525","Liverpool","Presov",2212260,2212.26,1374.698364,79591,1326.51666666667,22.1086111111111,"Slovakia","UK"
"526","Liverpool","Qormi",3257122,3257.122,2023.9756108,124645,2077.41666666667,34.6236111111111,"Malta","UK"
"527","Liverpool","Rabat",3032821,3032.821,1884.5949694,108602,1810.03333333333,30.1672222222222,"Malta","UK"
"528","Liverpool","Riga",2653146,2653.146,1648.6649244,97994,1633.23333333333,27.2205555555556,"Latvia","UK"
"529","Liverpool","Rijeka",2028433,2028.433,1260.4682662,71881,1198.01666666667,19.9669444444444,"Croatia","UK"
"530","Liverpool","Rome",2235091,2235.091,1388.8855474,76996,1283.26666666667,21.3877777777778,"Italy","UK"
"531","Liverpool","Rotterdam",843060,843.06,523.877484,32056,534.266666666667,8.90444444444444,"Netherlands","UK"
"532","Liverpool","Ruse",2970594,2970.594,1845.9271116,109026,1817.1,30.285,"Bulgaria","UK"
"533","Liverpool","Salzburg",1656818,1656.818,1029.5467052,57270,954.5,15.9083333333333,"Austria","UK"
"534","Liverpool","Schifflange",960681,960.681,596.9671734,35186,586.433333333333,9.77388888888889,"Luxembourg","UK"
"535","Liverpool","Setubal",2568043,2568.043,1595.7819202,86832,1447.2,24.12,"Portugal","UK"
"536","Liverpool","Sevilla",2549722,2549.722,1584.3972508,85850,1430.83333333333,23.8472222222222,"Spain","UK"
"537","Liverpool","Siauliai",2525288,2525.288,1569.2139632,92363,1539.38333333333,25.6563888888889,"Lithuania","UK"
"538","Liverpool","Sofia",2850737,2850.737,1771.4479718,100289,1671.48333333333,27.8580555555556,"Bulgaria","UK"
"539","Liverpool","Split",2385548,2385.548,1482.3795272,83256,1387.6,23.1266666666667,"Croatia","UK"
"540","Liverpool","Stavanger-Sandnes",2163947,2163.947,1344.6766658,88164,1469.4,24.49,"Norway","UK"
"541","Liverpool","Stockholm",2263200,2263.2,1406.35248,84376,1406.26666666667,23.4377777777778,"Sweden","UK"
"542","Liverpool","Szeged",2255094,2255.094,1401.3154116,78036,1300.6,21.6766666666667,"Hungary","UK"
"543","Liverpool","Tallinn",2959797,2959.797,1839.2178558,110834,1847.23333333333,30.7872222222222,"Estonia","UK"
"544","Liverpool","Tampere",2737760,2737.76,1701.244064,126970,2116.16666666667,35.2694444444444,"Finland","UK"
"545","Liverpool","Tartu",2896184,2896.184,1799.6887376,108115,1801.91666666667,30.0319444444444,"Estonia","UK"
"546","Liverpool","Thessaloniki",3100187,3100.187,1926.4562018,108879,1814.65,30.2441666666667,"Greece","UK"
"547","Liverpool","Timisoara",2396580,2396.58,1489.234812,83161,1386.01666666667,23.1002777777778,"Romania","UK"
"548","Liverpool","Toulouse",1500816,1500.816,932.6070624,52619,876.983333333333,14.6163888888889,"France","UK"
"549","Liverpool","Trondheim",2589748,2589.748,1609.2694072,104995,1749.91666666667,29.1652777777778,"Norway","UK"
"550","Liverpool","Turin",1597364,1597.364,992.6019896,56146,935.766666666667,15.5961111111111,"Italy","UK"
"551","Liverpool","Turku",2576055,2576.055,1600.760577,120165,2002.75,33.3791666666667,"Finland","UK"
"552","Liverpool","Uppsala",2328972,2328.972,1447.2232008,87123,1452.05,24.2008333333333,"Sweden","UK"
"553","Liverpool","Utrecht",871826,871.826,541.7526764,33065,551.083333333333,9.18472222222222,"Netherlands","UK"
"554","Liverpool","Valencia",2197676,2197.676,1365.6358664,74196,1236.6,20.61,"Spain","UK"
"555","Liverpool","Vantaa",2748154,2748.154,1707.7028956,126418,2106.96666666667,35.1161111111111,"Finland","UK"
"556","Liverpool","Varna",3162445,3162.445,1965.143323,117011,1950.18333333333,32.5030555555556,"Bulgaria","UK"
"557","Liverpool","Vasteras",2246918,2246.918,1396.2348452,84636,1410.6,23.51,"Sweden","UK"
"558","Liverpool","Velenje",1976923,1976.923,1228.4599522,69938,1165.63333333333,19.4272222222222,"Slovenia","UK"
"559","Liverpool","Vienna",1841095,1841.095,1144.056433,65440,1090.66666666667,18.1777777777778,"Austria","UK"
"560","Liverpool","Vilnius",2449062,2449.062,1521.8471268,88601,1476.68333333333,24.6113888888889,"Lithuania","UK"
"561","Liverpool","Warsaw",2000375,2000.375,1243.033025,68371,1139.51666666667,18.9919444444444,"Poland","UK"
"562","Liverpool","Wroclaw",1745379,1745.379,1084.5785106,62153,1035.88333333333,17.2647222222222,"Poland","UK"
"563","Liverpool","Zabbar",3261728,3261.728,2026.8377792,125076,2084.6,34.7433333333333,"Malta","UK"
"564","Liverpool","Zadar",2262074,2262.074,1405.6527836,79565,1326.08333333333,22.1013888888889,"Croatia","UK"
"565","Liverpool","Zagreb",2060519,2060.519,1280.4065066,71952,1199.2,19.9866666666667,"Croatia","UK"
"566","Liverpool","Zaragoza",1870413,1870.413,1162.2746382,65146,1085.76666666667,18.0961111111111,"Spain","UK"
"567","Liverpool","Zilina",2044998,2044.998,1270.7617572,72604,1210.06666666667,20.1677777777778,"Slovakia","UK"
"568","Liverpool","s-Gravenhage",865681,865.681,537.9341734,33013,550.216666666667,9.17027777777778,"Netherlands","UK"
"569","London","Aalborg",1358116,1358.116,843.9332824,50821,847.016666666667,14.1169444444444,"Denmark","UK"
"570","London","Amadora",2182864,2182.864,1356.4316896,74692,1244.86666666667,20.7477777777778,"Portugal","UK"
"571","London","Amsterdam",530991,530.991,329.9578074,23177,386.283333333333,6.43805555555556,"Netherlands","UK"
"572","London","Antwerp",370644,370.644,230.3181816,17391,289.85,4.83083333333333,"Belgium","UK"
"573","London","Arhus",1248837,1248.837,776.0273118,47347,789.116666666667,13.1519444444444,"Denmark","UK"
"574","London","Athens",3189440,3189.44,1981.918016,113179,1886.31666666667,31.4386111111111,"Greece","UK"
"575","London","Barcelona",1488323,1488.323,924.8439122,52749,879.15,14.6525,"Spain","UK"
"576","London","Bergen",2019610,2019.61,1254.985654,92105,1535.08333333333,25.5847222222222,"Norway","UK"
"577","London","Berlin",1091778,1091.778,678.4308492,41431,690.516666666667,11.5086111111111,"Germany","UK"
"578","London","Bettembourg",586481,586.481,364.4392934,23870,397.833333333333,6.63055555555556,"Luxembourg","UK"
"579","London","Birkirkara",2886710,2886.71,1793.801594,113445,1890.75,31.5125,"Malta","UK"
"580","London","Birmingham",NA,NA,NA,NA,NA,NA,"UK","UK"
"581","London","Braga",1998974,1998.974,1242.1624436,68554,1142.56666666667,19.0427777777778,"Portugal","UK"
"582","London","Bratislava",1555233,1555.233,966.4217862,56300,938.333333333333,15.6388888888889,"Slovakia","UK"
"583","London","Brno",1466213,1466.213,911.1047582,53215,886.916666666667,14.7819444444444,"Czech Republic","UK"
"584","London","Brussels",362896,362.896,225.5035744,17122,285.366666666667,4.75611111111111,"Belgium","UK"
"585","London","Bucharest",2545475,2545.475,1581.758165,94799,1579.98333333333,26.3330555555556,"Romania","UK"
"586","London","Budapest",1717877,1717.877,1067.4887678,61737,1028.95,17.1491666666667,"Hungary","UK"
"587","London","Burgas",2870906,2870.906,1783.9809884,101396,1689.93333333333,28.1655555555556,"Bulgaria","UK"
"588","London","Celje",1585014,1585.014,984.9276996,57757,962.616666666667,16.0436111111111,"Slovenia","UK"
"589","London","Charleroi",394402,394.402,245.0814028,17940,299,4.98333333333333,"Belgium","UK"
"590","London","Cluj-Napoca",2133545,2133.545,1325.784863,82083,1368.05,22.8008333333333,"Romania","UK"
"591","London","Cologne",586161,586.161,364.2404454,24333,405.55,6.75916666666667,"Germany","UK"
"592","London","Copenhagen",1246935,1246.935,774.845409,50873,847.883333333333,14.1313888888889,"Denmark","UK"
"593","London","Cracow",1624827,1624.827,1009.6674978,58840,980.666666666667,16.3444444444444,"Poland","UK"
"594","London","Craiova",2340062,2340.062,1454.1145268,85399,1423.31666666667,23.7219444444444,"Romania","UK"
"595","London","Daugavpils",2231786,2231.786,1386.8318204,85646,1427.43333333333,23.7905555555556,"Latvia","UK"
"596","London","Debrecen",1973803,1973.803,1226.5211842,69645,1160.75,19.3458333333333,"Hungary","UK"
"597","London","Drammen",1683678,1683.678,1046.2375092,69404,1156.73333333333,19.2788888888889,"Norway","UK"
"598","London","Dudelange",592146,592.146,367.9595244,24042,400.7,6.67833333333333,"Luxembourg","UK"
"599","London","Eindhoven",458212,458.212,284.7329368,20321,338.683333333333,5.64472222222222,"Netherlands","UK"
"600","London","Esbjerg",1179368,1179.368,732.8592752,46158,769.3,12.8216666666667,"Denmark","UK"
"601","London","Esch-Alzette",589106,589.106,366.0704684,23945,399.083333333333,6.65138888888889,"Luxembourg","UK"
"602","London","Espoo",2352945,2352.945,1462.120023,114206,1903.43333333333,31.7238888888889,"Finland","UK"
"603","London","Frankfurt",762792,762.792,473.9989488,30229,503.816666666667,8.39694444444445,"Germany","UK"
"604","London","Gazimagusa",4108200,4108.2,2552.83548,161436,2690.6,44.8433333333333,"Cyprus","UK"
"605","London","Gent",313231,313.231,194.6417434,15453,257.55,4.2925,"Belgium","UK"
"606","London","Glasgow",662646,662.646,411.7682244,23870,397.833333333333,6.63055555555556,"UK","UK"
"607","London","Goteborg",1550202,1550.202,963.2955228,61253,1020.88333333333,17.0147222222222,"Sweden","UK"
"608","London","Graz",1466873,1466.873,911.5148822,54295,904.916666666667,15.0819444444444,"Austria","UK"
"609","London","Hamburg",921683,921.683,572.7338162,35746,595.766666666667,9.92944444444444,"Germany","UK"
"610","London","Helsinki",2674668,2674.668,1662.0386952,112094,1868.23333333333,31.1372222222222,"Finland","UK"
"611","London","Iasi",2565333,2565.333,1594.0979262,102182,1703.03333333333,28.3838888888889,"Romania","UK"
"612","London","Innsbruck",1227492,1227.492,762.7635288,45688,761.466666666667,12.6911111111111,"Austria","UK"
"613","London","Iraklion",3526813,3526.813,2191.5615982,147944,2465.73333333333,41.0955555555556,"Greece","UK"
"614","London","Jelgava",2243374,2243.374,1394.0326036,84865,1414.41666666667,23.5736111111111,"Latvia","UK"
"615","London","Jurmala",2287861,2287.861,1421.6768254,86969,1449.48333333333,24.1580555555556,"Latvia","UK"
"616","London","Kaunas",2021262,2021.262,1256.0122068,75263,1254.38333333333,20.9063888888889,"Lithuania","UK"
"617","London","Klaipeda",2190834,2190.834,1361.3842476,81581,1359.68333333333,22.6613888888889,"Lithuania","UK"
"618","London","Kohtla-Jarve",2664512,2664.512,1655.7277568,103214,1720.23333333333,28.6705555555556,"Estonia","UK"
"619","London","Kosice",1877349,1877.349,1166.5846686,70080,1168,19.4666666666667,"Slovakia","UK"
"620","London","Kranj",1518536,1518.536,943.6182704,54425,907.083333333333,15.1180555555556,"Slovenia","UK"
"621","London","Larnaca",4117862,4117.862,2558.8394468,161913,2698.55,44.9758333333333,"Cyprus","UK"
"622","London","Leeds",312837,312.837,194.3969118,13194,219.9,3.665,"UK","UK"
"623","London","Lemesos",4146780,4146.78,2576.809092,162749,2712.48333333333,45.2080555555556,"Cyprus","UK"
"624","London","Liege",462223,462.223,287.2253722,19971,332.85,5.5475,"Belgium","UK"
"625","London","Liepaja",2282720,2282.72,1418.482208,85530,1425.5,23.7583333333333,"Latvia","UK"
"626","London","Linz",1306533,1306.533,811.8796062,48460,807.666666666667,13.4611111111111,"Austria","UK"
"627","London","Lisbon",2178771,2178.771,1353.8882994,75014,1250.23333333333,20.8372222222222,"Portugal","UK"
"628","London","Liverpool",354746,354.746,220.4391644,14109,235.15,3.91916666666667,"UK","UK"
"629","London","Ljubljana",1546194,1546.194,960.8049516,55612,926.866666666667,15.4477777777778,"Slovenia","UK"
"630","London","Lodz",1536070,1536.07,954.513898,54751,912.516666666667,15.2086111111111,"Poland","UK"
"631","London","London",0,0,0,0,0,0,"UK","UK"
"632","London","Luxemburg",556597,556.597,345.8693758,24319,405.316666666667,6.75527777777778,"Luxembourg","UK"
"633","London","Lyon",925311,925.311,574.9882554,33221,553.683333333333,9.22805555555555,"France","UK"
"634","London","Madrid",1717856,1717.856,1067.4757184,60501,1008.35,16.8058333333333,"Spain","UK"
"635","London","Malmo",1279148,1279.148,794.8625672,52177,869.616666666667,14.4936111111111,"Sweden","UK"
"636","London","Maribor",1531856,1531.856,951.8953184,56090,934.833333333333,15.5805555555556,"Slovenia","UK"
"637","London","Marseille",1234055,1234.055,766.841777,42916,715.266666666667,11.9211111111111,"France","UK"
"638","London","Milan",1294808,1294.808,804.5936912,47149,785.816666666667,13.0969444444444,"Italy","UK"
"639","London","Miskolc",1925778,1925.778,1196.6784492,68241,1137.35,18.9558333333333,"Hungary","UK"
"640","London","Mosta",2893189,2893.189,1797.8276446,114096,1901.6,31.6933333333333,"Malta","UK"
"641","London","Munich",1137884,1137.884,707.0811176,41221,687.016666666667,11.4502777777778,"Germany","UK"
"642","London","Naples",NA,NA,NA,NA,NA,NA,"Italy","UK"
"643","London","Narva",2702478,2702.478,1679.3198292,104896,1748.26666666667,29.1377777777778,"Estonia","UK"
"644","London","Nice",1391672,1391.672,864.7849808,48089,801.483333333333,13.3580555555556,"France","UK"
"645","London","Nicosia",4067173,4067.173,2527.3413022,159810,2663.5,44.3916666666667,"Cyprus","UK"
"646","London","Nicosia",4067173,4067.173,2527.3413022,159810,2663.5,44.3916666666667,"Cyprus","UK"
"647","London","Nicosia",4067173,4067.173,2527.3413022,159810,2663.5,44.3916666666667,"Cyprus","UK"
"648","London","Nicosia",4067173,4067.173,2527.3413022,159810,2663.5,44.3916666666667,"Cyprus","UK"
"649","London","Nitra",1641480,1641.48,1020.015672,59113,985.216666666667,16.4202777777778,"Slovakia","UK"
"650","London","Odense",1218956,1218.956,757.4592584,46643,777.383333333333,12.9563888888889,"Denmark","UK"
"651","London","Olomouc",1541265,1541.265,957.742071,55421,923.683333333333,15.3947222222222,"Czech Republic","UK"
"652","London","Osijek",1968614,1968.614,1223.2967396,68267,1137.78333333333,18.9630555555556,"Croatia","UK"
"653","London","Oslo",1722973,1722.973,1070.6554222,71045,1184.08333333333,19.7347222222222,"Norway","UK"
"654","London","Ostrava",1595491,1595.491,991.4381074,57362,956.033333333333,15.9338888888889,"Czech Republic","UK"
"655","London","Palermo",2760855,2760.855,1715.595297,99624,1660.4,27.6733333333333,"Italy","UK"
"656","London","Panevezys",2122782,2122.782,1319.0967348,79420,1323.66666666667,22.0611111111111,"Lithuania","UK"
"657","London","Paris",459229,459.229,285.3649006,20112,335.2,5.58666666666667,"France","UK"
"658","London","Parnu",2461027,2461.027,1529.2821778,93854,1564.23333333333,26.0705555555556,"Estonia","UK"
"659","London","Patrai",3157710,3157.71,1962.200994,114685,1911.41666666667,31.8569444444444,"Greece","UK"
"660","London","Pecs",1788667,1788.667,1111.4776738,66785,1113.08333333333,18.5513888888889,"Hungary","UK"
"661","London","Piraieus",3196509,3196.509,1986.3106926,113318,1888.63333333333,31.4772222222222,"Greece","UK"
"662","London","Plovdiv",2632972,2632.972,1636.1288008,94626,1577.1,26.285,"Bulgaria","UK"
"663","London","Plzen",1169645,1169.645,726.817403,43434,723.9,12.065,"Czech Republic","UK"
"664","London","Porto",2027923,2027.923,1260.1513522,69437,1157.28333333333,19.2880555555556,"Portugal","UK"
"665","London","Poznan",1327332,1327.332,824.8041048,48355,805.916666666667,13.4319444444444,"Poland","UK"
"666","London","Prague",1269088,1269.088,788.6112832,46947,782.45,13.0408333333333,"Czech Republic","UK"
"667","London","Presov",1840408,1840.408,1143.6295312,68357,1139.28333333333,18.9880555555556,"Slovakia","UK"
"668","London","Qormi",2885271,2885.271,1792.9073994,113412,1890.2,31.5033333333333,"Malta","UK"
"669","London","Rabat",2660969,2660.969,1653.5261366,97369,1622.81666666667,27.0469444444444,"Malta","UK"
"670","London","Riga",2281294,2281.294,1417.5960916,86761,1446.01666666667,24.1002777777778,"Latvia","UK"
"671","London","Rijeka",1656582,1656.582,1029.4000548,60648,1010.8,16.8466666666667,"Croatia","UK"
"672","London","Rome",1863240,1863.24,1157.817336,65763,1096.05,18.2675,"Italy","UK"
"673","London","Rotterdam",471208,471.208,292.8086512,20823,347.05,5.78416666666667,"Netherlands","UK"
"674","London","Ruse",2598742,2598.742,1614.8582788,97793,1629.88333333333,27.1647222222222,"Bulgaria","UK"
"675","London","Salzburg",1284966,1284.966,798.4778724,46037,767.283333333333,12.7880555555556,"Austria","UK"
"676","London","Schifflange",588830,588.83,365.898962,23952,399.2,6.65333333333333,"Luxembourg","UK"
"677","London","Setubal",2196191,2196.191,1364.7130874,75599,1259.98333333333,20.9997222222222,"Portugal","UK"
"678","London","Sevilla",2177870,2177.87,1353.328418,74617,1243.61666666667,20.7269444444444,"Spain","UK"
"679","London","Siauliai",2153436,2153.436,1338.1451304,81129,1352.15,22.5358333333333,"Lithuania","UK"
"680","London","Sofia",2478885,2478.885,1540.379139,89056,1484.26666666667,24.7377777777778,"Bulgaria","UK"
"681","London","Split",2013696,2013.696,1251.3106944,72022,1200.36666666667,20.0061111111111,"Croatia","UK"
"682","London","Stavanger-Sandnes",1792095,1792.095,1113.607833,76931,1282.18333333333,21.3697222222222,"Norway","UK"
"683","London","Stockholm",1891348,1891.348,1175.2836472,73142,1219.03333333333,20.3172222222222,"Sweden","UK"
"684","London","Szeged",1883242,1883.242,1170.2465788,66802,1113.36666666667,18.5561111111111,"Hungary","UK"
"685","London","Tallinn",2587945,2587.945,1608.149023,99600,1660,27.6666666666667,"Estonia","UK"
"686","London","Tampere",2365909,2365.909,1470.1758526,115737,1928.95,32.1491666666667,"Finland","UK"
"687","London","Tartu",2524333,2524.333,1568.6205262,96881,1614.68333333333,26.9113888888889,"Estonia","UK"
"688","London","Thessaloniki",2728336,2728.336,1695.3879904,97646,1627.43333333333,27.1238888888889,"Greece","UK"
"689","London","Timisoara",2024728,2024.728,1258.1659792,71928,1198.8,19.98,"Romania","UK"
"690","London","Toulouse",1128965,1128.965,701.538851,41385,689.75,11.4958333333333,"France","UK"
"691","London","Trondheim",2217897,2217.897,1378.2011958,93762,1562.7,26.045,"Norway","UK"
"692","London","Turin",1225512,1225.512,761.5331568,44913,748.55,12.4758333333333,"Italy","UK"
"693","London","Turku",2204203,2204.203,1369.6917442,108931,1815.51666666667,30.2586111111111,"Finland","UK"
"694","London","Uppsala",1957120,1957.12,1216.154368,75890,1264.83333333333,21.0805555555556,"Sweden","UK"
"695","London","Utrecht",499974,499.974,310.6838436,21831,363.85,6.06416666666667,"Netherlands","UK"
"696","London","Valencia",1825824,1825.824,1134.5670336,62963,1049.38333333333,17.4897222222222,"Spain","UK"
"697","London","Vantaa",2376302,2376.302,1476.6340628,115185,1919.75,31.9958333333333,"Finland","UK"
"698","London","Varna",2790594,2790.594,1734.0751116,105778,1762.96666666667,29.3827777777778,"Bulgaria","UK"
"699","London","Vasteras",1875067,1875.067,1165.1666338,73403,1223.38333333333,20.3897222222222,"Sweden","UK"
"700","London","Velenje",1605072,1605.072,997.3917408,58705,978.416666666667,16.3069444444444,"Slovenia","UK"
"701","London","Vienna",1469244,1469.244,912.9882216,54207,903.45,15.0575,"Austria","UK"
"702","London","Vilnius",2077211,2077.211,1290.7789154,77368,1289.46666666667,21.4911111111111,"Lithuania","UK"
"703","London","Warsaw",1628524,1628.524,1011.9648136,57138,952.3,15.8716666666667,"Poland","UK"
"704","London","Wroclaw",1373528,1373.528,853.5102992,50920,848.666666666667,14.1444444444444,"Poland","UK"
"705","London","Zabbar",2889876,2889.876,1795.7689464,113843,1897.38333333333,31.6230555555556,"Malta","UK"
"706","London","Zadar",1890223,1890.223,1174.5845722,68332,1138.86666666667,18.9811111111111,"Croatia","UK"
"707","London","Zagreb",1688668,1688.668,1049.3382952,60718,1011.96666666667,16.8661111111111,"Croatia","UK"
"708","London","Zaragoza",1498562,1498.562,931.2064268,53912,898.533333333333,14.9755555555556,"Spain","UK"
"709","London","Zilina",1673147,1673.147,1039.6935458,61371,1022.85,17.0475,"Slovakia","UK"
"710","London","s-Gravenhage",493830,493.83,306.865962,21779,362.983333333333,6.04972222222222,"Netherlands","UK"
"711","Uppsala","Aalborg",610462,610.462,379.3410868,36973,616.216666666667,10.2702777777778,"Denmark","Sweden"
"712","Uppsala","Amadora",3672826,3672.826,2282.2940764,126004,2100.06666666667,35.0011111111111,"Portugal","Sweden"
"713","Uppsala","Amsterdam",1501647,1501.647,933.1234458,55980,933,15.55,"Netherlands","Sweden"
"714","Uppsala","Arhus",903371,903.371,561.3547394,36265,604.416666666667,10.0736111111111,"Denmark","Sweden"
"715","Uppsala","Athens",3489682,3489.682,2168.4883948,128225,2137.08333333333,35.6180555555556,"Greece","Sweden"
"716","Uppsala","Barcelona",2852057,2852.057,1772.2682198,99187,1653.11666666667,27.5519444444444,"Spain","Sweden"
"717","Uppsala","Bergen",960638,960.638,596.9404532,45461,757.683333333333,12.6280555555556,"Norway","Sweden"
"718","Uppsala","Berlin",1149638,1149.638,714.3850532,47036,783.933333333333,13.0655555555556,"Germany","Sweden"
"719","Uppsala","Bettembourg",1671138,1671.138,1038.4451532,62394,1039.9,17.3316666666667,"Luxembourg","Sweden"
"720","Uppsala","Birkirkara",3634411,3634.411,2258.4229954,142498,2374.96666666667,39.5827777777778,"Malta","Sweden"
"721","Uppsala","Birmingham",NA,NA,NA,NA,NA,NA,"UK","Sweden"
"722","Uppsala","Braga",3488936,3488.936,2168.0248304,119867,1997.78333333333,33.2963888888889,"Portugal","Sweden"
"723","Uppsala","Bratislava",1821781,1821.781,1132.0547134,70266,1171.1,19.5183333333333,"Slovakia","Sweden"
"724","Uppsala","Brno",1698798,1698.798,1055.6330772,66359,1105.98333333333,18.4330555555556,"Czech Republic","Sweden"
"725","Uppsala","Bucharest",2845716,2845.716,1768.3279224,109845,1830.75,30.5125,"Romania","Sweden"
"726","Uppsala","Budapest",2018119,2018.119,1254.0591466,76783,1279.71666666667,21.3286111111111,"Hungary","Sweden"
"727","Uppsala","Celje",2120184,2120.184,1317.4823376,78032,1300.53333333333,21.6755555555556,"Slovenia","Sweden"
"728","Uppsala","Cluj-Napoca",2433786,2433.786,1512.3546204,97129,1618.81666666667,26.9802777777778,"Romania","Sweden"
"729","Uppsala","Cologne",1461843,1461.843,908.3892402,54979,916.316666666667,15.2719444444444,"Germany","Sweden"
"730","Uppsala","Copenhagen",722708,722.708,449.0907512,26352,439.2,7.32,"Denmark","Sweden"
"731","Uppsala","Cracow",1741313,1741.313,1082.0518982,66845,1114.08333333333,18.5680555555556,"Poland","Sweden"
"732","Uppsala","Craiova",2640304,2640.304,1640.6849056,100445,1674.08333333333,27.9013888888889,"Romania","Sweden"
"733","Uppsala","Daugavpils",809791,809.791,503.2041274,67886,1131.43333333333,18.8572222222222,"Latvia","Sweden"
"734","Uppsala","Debrecen",2274044,2274.044,1413.0909416,84692,1411.53333333333,23.5255555555556,"Hungary","Sweden"
"735","Uppsala","Drammen",522827,522.827,324.8846978,22592,376.533333333333,6.27555555555556,"Norway","Sweden"
"736","Uppsala","Dudelange",1676803,1676.803,1041.9653842,62567,1042.78333333333,17.3797222222222,"Luxembourg","Sweden"
"737","Uppsala","Eindhoven",1519506,1519.506,944.2210284,56238,937.3,15.6216666666667,"Netherlands","Sweden"
"738","Uppsala","Esbjerg",1008216,1008.216,626.5054224,35720,595.333333333333,9.92222222222222,"Denmark","Sweden"
"739","Uppsala","Esch-Alzette",1679611,1679.611,1043.7102754,62676,1044.6,17.41,"Luxembourg","Sweden"
"740","Uppsala","Espoo",466792,466.792,290.0645488,42483,708.05,11.8008333333333,"Finland","Sweden"
"741","Uppsala","Frankfurt",1529228,1529.228,950.2622792,57011,950.183333333333,15.8363888888889,"Germany","Sweden"
"742","Uppsala","Gazimagusa",4408441,4408.441,2739.4052374,176482,2941.36666666667,49.0227777777778,"Cyprus","Sweden"
"743","Uppsala","Glasgow",2637451,2637.451,1638.9120514,96426,1607.1,26.785,"UK","Sweden"
"744","Uppsala","Goteborg",451653,451.653,280.6571742,18566,309.433333333333,5.15722222222222,"Sweden","Sweden"
"745","Uppsala","Hamburg",1044789,1044.789,649.2318846,41234,687.233333333333,11.4538888888889,"Germany","Sweden"
"746","Uppsala","Helsinki",482585,482.585,299.878319,43547,725.783333333333,12.0963888888889,"Finland","Sweden"
"747","Uppsala","Iasi",2571771,2571.771,1598.0984994,106800,1780,29.6666666666667,"Romania","Sweden"
"748","Uppsala","Iraklion",3827054,3827.054,2378.1313556,162991,2716.51666666667,45.2752777777778,"Greece","Sweden"
"749","Uppsala","Jelgava",582140,582.14,361.741796,58641,977.35,16.2891666666667,"Latvia","Sweden"
"750","Uppsala","Jurmala",559531,559.531,347.6925634,57412,956.866666666667,15.9477777777778,"Latvia","Sweden"
"751","Uppsala","Kaunas",807694,807.694,501.9010516,67359,1122.65,18.7108333333333,"Lithuania","Sweden"
"752","Uppsala","Klaipeda",623997,623.997,387.7517358,61018,1016.96666666667,16.9494444444444,"Lithuania","Sweden"
"753","Uppsala","Kohtla-Jarve",586725,586.725,364.590915,60606,1010.1,16.835,"Estonia","Sweden"
"754","Uppsala","Kosice",1993835,1993.835,1238.969069,78085,1301.41666666667,21.6902777777778,"Slovakia","Sweden"
"755","Uppsala","Kranj",2075538,2075.538,1289.7393132,76818,1280.3,21.3383333333333,"Slovenia","Sweden"
"756","Uppsala","Larnaca",4418103,4418.103,2745.4092042,176959,2949.31666666667,49.1552777777778,"Cyprus","Sweden"
"757","Uppsala","Leeds",2267805,2267.805,1409.214027,84703,1411.71666666667,23.5286111111111,"UK","Sweden"
"758","Uppsala","Lemesos",4447021,4447.021,2763.3788494,177796,2963.26666666667,49.3877777777778,"Cyprus","Sweden"
"759","Uppsala","Liepaja",524757,524.757,326.0839998,56470,941.166666666667,15.6861111111111,"Latvia","Sweden"
"760","Uppsala","Lisbon",3668733,3668.733,2279.7506862,126327,2105.45,35.0908333333333,"Portugal","Sweden"
"761","Uppsala","Liverpool",2329550,2329.55,1447.58237,86666,1444.43333333333,24.0738888888889,"UK","Sweden"
"762","Uppsala","Ljubljana",2103195,2103.195,1306.925373,78005,1300.08333333333,21.6680555555556,"Slovenia","Sweden"
"763","Uppsala","Lodz",1629101,1629.101,1012.3233614,61355,1022.58333333333,17.0430555555556,"Poland","Sweden"
"764","Uppsala","London",1966713,1966.713,1222.1154582,75014,1250.23333333333,20.8372222222222,"UK","Sweden"
"765","Uppsala","Luxemburg",1628300,1628.3,1011.82562,61972,1032.86666666667,17.2144444444444,"Luxembourg","Sweden"
"766","Uppsala","Lyon",2217567,2217.567,1377.9961338,78464,1307.73333333333,21.7955555555556,"France","Sweden"
"767","Uppsala","Madrid",3207818,3207.818,1993.3381052,111813,1863.55,31.0591666666667,"Spain","Sweden"
"768","Uppsala","Malmo",678756,678.756,421.7789784,24467,407.783333333333,6.79638888888889,"Sweden","Sweden"
"769","Uppsala","Maribor",2067026,2067.026,1284.4499564,76365,1272.75,21.2125,"Slovenia","Sweden"
"770","Uppsala","Marseille",2523742,2523.742,1568.2532788,88048,1467.46666666667,24.4577777777778,"France","Sweden"
"771","Uppsala","Milan",2145595,2145.595,1333.272733,78801,1313.35,21.8891666666667,"Italy","Sweden"
"772","Uppsala","Miskolc",2081104,2081.104,1293.1980256,82636,1377.26666666667,22.9544444444444,"Hungary","Sweden"
"773","Uppsala","Mosta",3640890,3640.89,2262.449046,143149,2385.81666666667,39.7636111111111,"Malta","Sweden"
"774","Uppsala","Munich",1695122,1695.122,1053.3488108,63613,1060.21666666667,17.6702777777778,"Germany","Sweden"
"775","Uppsala","Naples",NA,NA,NA,NA,NA,NA,"Italy","Sweden"
"776","Uppsala","Narva",640788,640.788,398.1856632,62959,1049.31666666667,17.4886111111111,"Estonia","Sweden"
"777","Uppsala","Nice",2454729,2454.729,1525.3686006,89542,1492.36666666667,24.8727777777778,"France","Sweden"
"778","Uppsala","Nicosia",4367415,4367.415,2713.911681,174857,2914.28333333333,48.5713888888889,"Cyprus","Sweden"
"779","Uppsala","Nicosia",4367415,4367.415,2713.911681,174857,2914.28333333333,48.5713888888889,"Cyprus","Sweden"
"780","Uppsala","Nicosia",4367415,4367.415,2713.911681,174857,2914.28333333333,48.5713888888889,"Cyprus","Sweden"
"781","Uppsala","Nicosia",4367415,4367.415,2713.911681,174857,2914.28333333333,48.5713888888889,"Cyprus","Sweden"
"782","Uppsala","Nitra",1914293,1914.293,1189.5416702,73253,1220.88333333333,20.3480555555556,"Slovakia","Sweden"
"783","Uppsala","Odense",875460,875.46,544.010844,31525,525.416666666667,8.75694444444444,"Denmark","Sweden"
"784","Uppsala","Olomouc",1804066,1804.066,1121.0466124,68081,1134.68333333333,18.9113888888889,"Czech Republic","Sweden"
"785","Uppsala","Oslo",499716,499.716,310.5235224,21014,350.233333333333,5.83722222222222,"Norway","Sweden"
"786","Uppsala","Ostrava",1711977,1711.977,1063.8225078,65367,1089.45,18.1575,"Czech Republic","Sweden"
"787","Uppsala","Palermo",3508556,3508.556,2180.2166984,128676,2144.6,35.7433333333333,"Italy","Sweden"
"788","Uppsala","Panevezys",713982,713.982,443.6684148,65051,1084.18333333333,18.0697222222222,"Lithuania","Sweden"
"789","Uppsala","Paris",1943039,1943.039,1207.4044346,70941,1182.35,19.7058333333333,"France","Sweden"
"790","Uppsala","Parnu",512897,512.897,318.7141958,57945,965.75,16.0958333333333,"Estonia","Sweden"
"791","Uppsala","Patrai",3457951,3457.951,2148.7707514,129731,2162.18333333333,36.0363888888889,"Greece","Sweden"
"792","Uppsala","Pecs",2198262,2198.262,1366.0000068,82817,1380.28333333333,23.0047222222222,"Hungary","Sweden"
"793","Uppsala","Piraieus",3496751,3496.751,2172.8810714,128364,2139.4,35.6566666666667,"Greece","Sweden"
"794","Uppsala","Plzen",1590981,1590.981,988.6355934,61523,1025.38333333333,17.0897222222222,"Czech Republic","Sweden"
"795","Uppsala","Porto",3517885,3517.885,2186.013739,120749,2012.48333333333,33.5413888888889,"Portugal","Sweden"
"796","Uppsala","Poznan",1420363,1420.363,882.6135682,54959,915.983333333333,15.2663888888889,"Poland","Sweden"
"797","Uppsala","Prague",1495316,1495.316,929.1893624,59262,987.7,16.4616666666667,"Czech Republic","Sweden"
"798","Uppsala","Presov",1956894,1956.894,1216.0139316,76363,1272.71666666667,21.2119444444444,"Slovakia","Sweden"
"799","Uppsala","Qormi",3632971,3632.971,2257.5281794,142464,2374.4,39.5733333333333,"Malta","Sweden"
"800","Uppsala","Rabat",4150931,4150.931,2579.3885234,148681,2478.01666666667,41.3002777777778,"Malta","Sweden"
"801","Uppsala","Riga",592358,592.358,368.0912612,59168,986.133333333333,16.4355555555556,"Latvia","Sweden"
"802","Uppsala","Rome",2610941,2610.941,1622.4387374,94815,1580.25,26.3375,"Italy","Sweden"
"803","Uppsala","Rotterdam",1536753,1536.753,954.9383142,56880,948,15.8,"Netherlands","Sweden"
"804","Uppsala","Schifflange",1679335,1679.335,1043.538769,62683,1044.71666666667,17.4119444444444,"Luxembourg","Sweden"
"805","Uppsala","Setubal",3686153,3686.153,2290.5754742,126911,2115.18333333333,35.2530555555556,"Portugal","Sweden"
"806","Uppsala","Sevilla",3667832,3667.832,2279.1908048,125929,2098.81666666667,34.9802777777778,"Spain","Sweden"
"807","Uppsala","Siauliai",639762,639.762,397.5481068,61807,1030.11666666667,17.1686111111111,"Lithuania","Sweden"
"808","Uppsala","Stavanger-Sandnes",971269,971.269,603.5465566,46240,770.666666666667,12.8444444444444,"Norway","Sweden"
"809","Uppsala","Stockholm",72095,72.095,44.799833,3453,57.55,0.959166666666667,"Sweden","Sweden"
"810","Uppsala","Szeged",2183484,2183.484,1356.8169576,81849,1364.15,22.7358333333333,"Hungary","Sweden"
"811","Uppsala","Tallinn",427890,427.89,265.890846,54904,915.066666666667,15.2511111111111,"Estonia","Sweden"
"812","Uppsala","Tampere",479756,479.756,298.1203784,44013,733.55,12.2258333333333,"Finland","Sweden"
"813","Uppsala","Tartu",602878,602.878,374.6283892,61488,1024.8,17.08,"Estonia","Sweden"
"814","Uppsala","Thessaloniki",3028577,3028.577,1881.9577478,112692,1878.2,31.3033333333333,"Greece","Sweden"
"815","Uppsala","Timisoara",2324970,2324.97,1444.736358,86974,1449.56666666667,24.1594444444444,"Romania","Sweden"
"816","Uppsala","Toulouse",2612775,2612.775,1623.578385,92214,1536.9,25.615,"France","Sweden"
"817","Uppsala","Trondheim",711986,711.986,442.4281004,31988,533.133333333333,8.88555555555556,"Norway","Sweden"
"818","Uppsala","Turin",2263964,2263.964,1406.8272296,82670,1377.83333333333,22.9638888888889,"Italy","Sweden"
"819","Uppsala","Turku",318050,318.05,197.63627,37208,620.133333333333,10.3355555555556,"Finland","Sweden"
"820","Uppsala","Uppsala",0,0,0,0,0,0,"Sweden","Sweden"
"821","Uppsala","Utrecht",1480391,1480.391,919.9149674,55058,917.633333333333,15.2938888888889,"Netherlands","Sweden"
"822","Uppsala","Valencia",3189559,3189.559,1981.9919626,109401,1823.35,30.3891666666667,"Spain","Sweden"
"823","Uppsala","Vantaa",490149,490.149,304.5785886,43461,724.35,12.0725,"Finland","Sweden"
"824","Uppsala","Vasteras",77825,77.825,48.360455,3746,62.4333333333333,1.04055555555556,"Sweden","Sweden"
"825","Uppsala","Velenje",2140242,2140.242,1329.9463788,78980,1316.33333333333,21.9388888888889,"Slovenia","Sweden"
"826","Uppsala","Vilnius",855087,855.087,531.3510618,69972,1166.2,19.4366666666667,"Lithuania","Sweden"
"827","Uppsala","Warsaw",1721555,1721.555,1069.774277,63742,1062.36666666667,17.7061111111111,"Poland","Sweden"
"828","Uppsala","Wroclaw",1490014,1490.014,925.8946996,58925,982.083333333333,16.3680555555556,"Poland","Sweden"
"829","Uppsala","Zabbar",3637577,3637.577,2260.3903478,142895,2381.58333333333,39.6930555555556,"Malta","Sweden"
"830","Uppsala","Zagreb",2185853,2185.853,1358.2890542,81513,1358.55,22.6425,"Croatia","Sweden"
"831","Uppsala","Zaragoza",2988524,2988.524,1857.0688136,105225,1753.75,29.2291666666667,"Spain","Sweden"
"832","Uppsala","Zilina",1783986,1783.986,1108.5689004,70476,1174.6,19.5766666666667,"Slovakia","Sweden"
"833","Uppsala","s-Gravenhage",1543275,1543.275,958.991085,57300,955,15.9166666666667,"Netherlands","Sweden"
"834","Vasteras","Aalborg",534425,534.425,332.091695,33759,562.65,9.3775,"Denmark","Sweden"
"835","Vasteras","Amadora",3591133,3591.133,2231.5300462,123645,2060.75,34.3458333333333,"Portugal","Sweden"
"836","Vasteras","Amsterdam",1419954,1419.954,882.3594156,53621,893.683333333333,14.8947222222222,"Netherlands","Sweden"
"837","Vasteras","Antwerp",1506007,1506.007,935.8327498,56974,949.566666666667,15.8261111111111,"Belgium","Sweden"
"838","Vasteras","Arhus",821677,821.677,510.5900878,33906,565.1,9.41833333333333,"Denmark","Sweden"
"839","Vasteras","Athens",3407989,3407.989,2117.7243646,125866,2097.76666666667,34.9627777777778,"Greece","Sweden"
"840","Vasteras","Barcelona",2770364,2770.364,1721.5041896,96828,1613.8,26.8966666666667,"Spain","Sweden"
"841","Vasteras","Bergen",884600,884.6,549.69044,42247,704.116666666667,11.7352777777778,"Norway","Sweden"
"842","Vasteras","Berlin",1067944,1067.944,663.6204016,44677,744.616666666667,12.4102777777778,"Germany","Sweden"
"843","Vasteras","Bettembourg",1589445,1589.445,987.681123,60035,1000.58333333333,16.6763888888889,"Luxembourg","Sweden"
"844","Vasteras","Birkirkara",3552718,3552.718,2207.6589652,140138,2335.63333333333,38.9272222222222,"Malta","Sweden"
"845","Vasteras","Birmingham",NA,NA,NA,NA,NA,NA,"UK","Sweden"
"846","Vasteras","Braga",3407243,3407.243,2117.2608002,117508,1958.46666666667,32.6411111111111,"Portugal","Sweden"
"847","Vasteras","Bratislava",1740088,1740.088,1081.2906832,67907,1131.78333333333,18.8630555555556,"Slovakia","Sweden"
"848","Vasteras","Brno",1617105,1617.105,1004.869047,64000,1066.66666666667,17.7777777777778,"Czech Republic","Sweden"
"849","Vasteras","Brussels",1547616,1547.616,961.6885824,58310,971.833333333333,16.1972222222222,"Belgium","Sweden"
"850","Vasteras","Bucharest",2764023,2764.023,1717.5638922,107486,1791.43333333333,29.8572222222222,"Romania","Sweden"
"851","Vasteras","Budapest",1936426,1936.426,1203.2951164,74424,1240.4,20.6733333333333,"Hungary","Sweden"
"852","Vasteras","Burgas",3089455,3089.455,1919.787337,114084,1901.4,31.69,"Bulgaria","Sweden"
"853","Vasteras","Celje",2038491,2038.491,1266.7183074,75673,1261.21666666667,21.0202777777778,"Slovenia","Sweden"
"854","Vasteras","Charleroi",1583233,1583.233,983.8209862,58925,982.083333333333,16.3680555555556,"Belgium","Sweden"
"855","Vasteras","Cluj-Napoca",2352093,2352.093,1461.5905902,94770,1579.5,26.325,"Romania","Sweden"
"856","Vasteras","Cologne",1380150,1380.15,857.62521,52620,877,14.6166666666667,"Germany","Sweden"
"857","Vasteras","Copenhagen",641015,641.015,398.326721,23993,399.883333333333,6.66472222222222,"Denmark","Sweden"
"858","Vasteras","Cracow",1659620,1659.62,1031.287868,64486,1074.76666666667,17.9127777777778,"Poland","Sweden"
"859","Vasteras","Craiova",2558611,2558.611,1589.9208754,98086,1634.76666666667,27.2461111111111,"Romania","Sweden"
"860","Vasteras","Daugavpils",847293,847.293,526.5078702,68962,1149.36666666667,19.1561111111111,"Latvia","Sweden"
"861","Vasteras","Debrecen",2192351,2192.351,1362.3269114,82333,1372.21666666667,22.8702777777778,"Hungary","Sweden"
"862","Vasteras","Drammen",446789,446.789,277.6346846,19379,322.983333333333,5.38305555555556,"Norway","Sweden"
"863","Vasteras","Dudelange",1595110,1595.11,991.201354,60208,1003.46666666667,16.7244444444444,"Luxembourg","Sweden"
"864","Vasteras","Eindhoven",1437813,1437.813,893.4569982,53879,897.983333333333,14.9663888888889,"Netherlands","Sweden"
"865","Vasteras","Esbjerg",926523,926.523,575.7413922,33360,556,9.26666666666667,"Denmark","Sweden"
"866","Vasteras","Esch-Alzette",1597918,1597.918,992.9462452,60317,1005.28333333333,16.7547222222222,"Luxembourg","Sweden"
"867","Vasteras","Espoo",548250,548.25,340.68255,44608,743.466666666667,12.3911111111111,"Finland","Sweden"
"868","Vasteras","Frankfurt",1447535,1447.535,899.498249,54652,910.866666666667,15.1811111111111,"Germany","Sweden"
"869","Vasteras","Gazimagusa",4326748,4326.748,2688.6412072,174123,2902.05,48.3675,"Cyprus","Sweden"
"870","Vasteras","Gent",1565359,1565.359,972.7140826,58926,982.1,16.3683333333333,"Belgium","Sweden"
"871","Vasteras","Glasgow",2555758,2555.758,1588.1480212,94067,1567.78333333333,26.1297222222222,"UK","Sweden"
"872","Vasteras","Goteborg",375616,375.616,233.4077824,15352,255.866666666667,4.26444444444444,"Sweden","Sweden"
"873","Vasteras","Graz",1920350,1920.35,1193.30549,72211,1203.51666666667,20.0586111111111,"Austria","Sweden"
"874","Vasteras","Hamburg",963096,963.096,598.4678544,38874,647.9,10.7983333333333,"Germany","Sweden"
"875","Vasteras","Helsinki",564042,564.042,350.4956988,45673,761.216666666667,12.6869444444444,"Finland","Sweden"
"876","Vasteras","Iasi",2490078,2490.078,1547.3344692,104440,1740.66666666667,29.0111111111111,"Romania","Sweden"
"877","Vasteras","Innsbruck",1778300,1778.3,1105.03562,66783,1113.05,18.5508333333333,"Austria","Sweden"
"878","Vasteras","Iraklion",3745361,3745.361,2327.3673254,160631,2677.18333333333,44.6197222222222,"Greece","Sweden"
"879","Vasteras","Jelgava",619641,619.641,385.0449174,59717,995.283333333333,16.5880555555556,"Latvia","Sweden"
"880","Vasteras","Jurmala",597033,597.033,370.9963062,58487,974.783333333333,16.2463888888889,"Latvia","Sweden"
"881","Vasteras","Kaunas",845196,845.196,525.2047944,68435,1140.58333333333,19.0097222222222,"Lithuania","Sweden"
"882","Vasteras","Klaipeda",661499,661.499,411.0554786,62094,1034.9,17.2483333333333,"Lithuania","Sweden"
"883","Vasteras","Kohtla-Jarve",668183,668.183,415.2089162,62731,1045.51666666667,17.4252777777778,"Estonia","Sweden"
"884","Vasteras","Kosice",1912142,1912.142,1188.2050388,75726,1262.1,21.035,"Slovakia","Sweden"
"885","Vasteras","Kranj",1993845,1993.845,1238.975283,74459,1240.98333333333,20.6830555555556,"Slovenia","Sweden"
"886","Vasteras","Larnaca",4336410,4336.41,2694.645174,174600,2910,48.5,"Cyprus","Sweden"
"887","Vasteras","Leeds",2186112,2186.112,1358.4499968,82344,1372.4,22.8733333333333,"UK","Sweden"
"888","Vasteras","Lemesos",4365328,4365.328,2712.6148192,175437,2923.95,48.7325,"Cyprus","Sweden"
"889","Vasteras","Liege",1492521,1492.521,927.4525494,56044,934.066666666667,15.5677777777778,"Belgium","Sweden"
"890","Vasteras","Liepaja",562259,562.259,349.3877426,57546,959.1,15.985,"Latvia","Sweden"
"891","Vasteras","Linz",1760010,1760.01,1093.670214,66376,1106.26666666667,18.4377777777778,"Austria","Sweden"
"892","Vasteras","Lisbon",3587040,3587.04,2228.986656,123968,2066.13333333333,34.4355555555556,"Portugal","Sweden"
"893","Vasteras","Liverpool",2247857,2247.857,1396.8183398,84307,1405.11666666667,23.4186111111111,"UK","Sweden"
"894","Vasteras","Ljubljana",2021502,2021.502,1256.1613428,75646,1260.76666666667,21.0127777777778,"Slovenia","Sweden"
"895","Vasteras","Lodz",1547408,1547.408,961.5593312,58996,983.266666666667,16.3877777777778,"Poland","Sweden"
"896","Vasteras","London",1885020,1885.02,1171.351428,72655,1210.91666666667,20.1819444444444,"UK","Sweden"
"897","Vasteras","Luxemburg",1546607,1546.607,961.0615898,59613,993.55,16.5591666666667,"Luxembourg","Sweden"
"898","Vasteras","Lyon",2135874,2135.874,1327.2321036,76105,1268.41666666667,21.1402777777778,"France","Sweden"
"899","Vasteras","Madrid",3126125,3126.125,1942.574075,109454,1824.23333333333,30.4038888888889,"Spain","Sweden"
"900","Vasteras","Malmo",597063,597.063,371.0149482,22108,368.466666666667,6.14111111111111,"Sweden","Sweden"
"901","Vasteras","Maribor",1985333,1985.333,1233.6859262,74006,1233.43333333333,20.5572222222222,"Slovenia","Sweden"
"902","Vasteras","Marseille",2442049,2442.049,1517.4892486,85689,1428.15,23.8025,"France","Sweden"
"903","Vasteras","Milan",2063902,2063.902,1282.5087028,76442,1274.03333333333,21.2338888888889,"Italy","Sweden"
"904","Vasteras","Miskolc",1999411,1999.411,1242.4339954,80277,1337.95,22.2991666666667,"Hungary","Sweden"
"905","Vasteras","Mosta",3559197,3559.197,2211.6850158,140789,2346.48333333333,39.1080555555556,"Malta","Sweden"
"906","Vasteras","Munich",1613429,1613.429,1002.5847806,61254,1020.9,17.015,"Germany","Sweden"
"907","Vasteras","Naples",NA,NA,NA,NA,NA,NA,"Italy","Sweden"
"908","Vasteras","Narva",722246,722.246,448.8036644,65085,1084.75,18.0791666666667,"Estonia","Sweden"
"909","Vasteras","Nice",2373036,2373.036,1474.6045704,87183,1453.05,24.2175,"France","Sweden"
"910","Vasteras","Nicosia",4285721,4285.721,2663.1470294,172498,2874.96666666667,47.9161111111111,"Cyprus","Sweden"
"911","Vasteras","Nicosia",4285721,4285.721,2663.1470294,172498,2874.96666666667,47.9161111111111,"Cyprus","Sweden"
"912","Vasteras","Nicosia",4285721,4285.721,2663.1470294,172498,2874.96666666667,47.9161111111111,"Cyprus","Sweden"
"913","Vasteras","Nicosia",4285721,4285.721,2663.1470294,172498,2874.96666666667,47.9161111111111,"Cyprus","Sweden"
"914","Vasteras","Nitra",1832600,1832.6,1138.77764,70894,1181.56666666667,19.6927777777778,"Slovakia","Sweden"
"915","Vasteras","Odense",793767,793.767,493.2468138,29166,486.1,8.10166666666667,"Denmark","Sweden"
"916","Vasteras","Olomouc",1722373,1722.373,1070.2825822,65722,1095.36666666667,18.2561111111111,"Czech Republic","Sweden"
"917","Vasteras","Osijek",2176385,2176.385,1352.405639,82515,1375.25,22.9208333333333,"Croatia","Sweden"
"918","Vasteras","Oslo",423678,423.678,263.2735092,17801,296.683333333333,4.94472222222222,"Norway","Sweden"
"919","Vasteras","Ostrava",1630284,1630.284,1013.0584776,63008,1050.13333333333,17.5022222222222,"Czech Republic","Sweden"
"920","Vasteras","Palermo",3426862,3426.862,2129.4520468,126317,2105.28333333333,35.0880555555556,"Italy","Sweden"
"921","Vasteras","Panevezys",751484,751.484,466.9721576,66127,1102.11666666667,18.3686111111111,"Lithuania","Sweden"
"922","Vasteras","Paris",1861346,1861.346,1156.6404044,68582,1143.03333333333,19.0505555555556,"France","Sweden"
"923","Vasteras","Parnu",594355,594.355,369.332197,60071,1001.18333333333,16.6863888888889,"Estonia","Sweden"
"924","Vasteras","Patrai",3376258,3376.258,2098.0067212,127372,2122.86666666667,35.3811111111111,"Greece","Sweden"
"925","Vasteras","Pecs",2116569,2116.569,1315.2359766,80458,1340.96666666667,22.3494444444444,"Hungary","Sweden"
"926","Vasteras","Piraieus",3415058,3415.058,2122.1170412,126005,2100.08333333333,35.0013888888889,"Greece","Sweden"
"927","Vasteras","Plovdiv",2851520,2851.52,1771.934528,107313,1788.55,29.8091666666667,"Bulgaria","Sweden"
"928","Vasteras","Plzen",1509288,1509.288,937.8715632,59164,986.066666666667,16.4344444444444,"Czech Republic","Sweden"
"929","Vasteras","Porto",3436192,3436.192,2135.2497088,118390,1973.16666666667,32.8861111111111,"Portugal","Sweden"
"930","Vasteras","Poznan",1338670,1338.67,831.849538,52600,876.666666666667,14.6111111111111,"Poland","Sweden"
"931","Vasteras","Prague",1413623,1413.623,878.4253322,56903,948.383333333333,15.8063888888889,"Czech Republic","Sweden"
"932","Vasteras","Presov",1875201,1875.201,1165.2499014,74004,1233.4,20.5566666666667,"Slovakia","Sweden"
"933","Vasteras","Qormi",3551278,3551.278,2206.7641492,140105,2335.08333333333,38.9180555555556,"Malta","Sweden"
"934","Vasteras","Rabat",4069238,4069.238,2528.6244932,146322,2438.7,40.645,"Malta","Sweden"
"935","Vasteras","Riga",629859,629.859,391.3943826,60243,1004.05,16.7341666666667,"Latvia","Sweden"
"936","Vasteras","Rijeka",2131890,2131.89,1324.756446,80682,1344.7,22.4116666666667,"Croatia","Sweden"
"937","Vasteras","Rome",2529247,2529.247,1571.6740858,92456,1540.93333333333,25.6822222222222,"Italy","Sweden"
"938","Vasteras","Rotterdam",1455059,1455.059,904.1736626,54521,908.683333333333,15.1447222222222,"Netherlands","Sweden"
"939","Vasteras","Ruse",2817291,2817.291,1750.6646274,110480,1841.33333333333,30.6888888888889,"Bulgaria","Sweden"
"940","Vasteras","Salzburg",1760275,1760.275,1093.834885,66071,1101.18333333333,18.3530555555556,"Austria","Sweden"
"941","Vasteras","Schifflange",1597642,1597.642,992.7747388,60324,1005.4,16.7566666666667,"Luxembourg","Sweden"
"942","Vasteras","Setubal",3604460,3604.46,2239.811444,124552,2075.86666666667,34.5977777777778,"Portugal","Sweden"
"943","Vasteras","Sevilla",3586139,3586.139,2228.4267746,123570,2059.5,34.325,"Spain","Sweden"
"944","Vasteras","Siauliai",677263,677.263,420.8512282,62882,1048.03333333333,17.4672222222222,"Lithuania","Sweden"
"945","Vasteras","Sofia",2697434,2697.434,1676.1854876,101743,1695.71666666667,28.2619444444444,"Bulgaria","Sweden"
"946","Vasteras","Split",2492171,2492.171,1548.6350594,90757,1512.61666666667,25.2102777777778,"Croatia","Sweden"
"947","Vasteras","Stavanger-Sandnes",895232,895.232,556.2971648,43027,717.116666666667,11.9519444444444,"Norway","Sweden"
"948","Vasteras","Stockholm",109597,109.597,68.1035758,4528,75.4666666666667,1.25777777777778,"Sweden","Sweden"
"949","Vasteras","Szeged",2101791,2101.791,1306.0529274,79490,1324.83333333333,22.0805555555556,"Hungary","Sweden"
"950","Vasteras","Tallinn",509348,509.348,316.5088472,57029,950.483333333333,15.8413888888889,"Estonia","Sweden"
"951","Vasteras","Tampere",561213,561.213,348.7377582,46139,768.983333333333,12.8163888888889,"Finland","Sweden"
"952","Vasteras","Tartu",684336,684.336,425.2463904,63613,1060.21666666667,17.6702777777778,"Estonia","Sweden"
"953","Vasteras","Thessaloniki",2946884,2946.884,1831.1937176,110333,1838.88333333333,30.6480555555556,"Greece","Sweden"
"954","Vasteras","Timisoara",2243277,2243.277,1393.9723278,84615,1410.25,23.5041666666667,"Romania","Sweden"
"955","Vasteras","Toulouse",2531082,2531.082,1572.8143548,89855,1497.58333333333,24.9597222222222,"France","Sweden"
"956","Vasteras","Trondheim",687689,687.689,427.3299446,32683,544.716666666667,9.07861111111111,"Norway","Sweden"
"957","Vasteras","Turin",2182271,2182.271,1356.0631994,80311,1338.51666666667,22.3086111111111,"Italy","Sweden"
"958","Vasteras","Turku",399508,399.508,248.2542712,39333,655.55,10.9258333333333,"Finland","Sweden"
"959","Vasteras","Uppsala",78610,78.61,48.848254,3772,62.8666666666667,1.04777777777778,"Sweden","Sweden"
"960","Vasteras","Utrecht",1398698,1398.698,869.1509372,52699,878.316666666667,14.6386111111111,"Netherlands","Sweden"
"961","Vasteras","Valencia",3107866,3107.866,1931.2279324,107042,1784.03333333333,29.7338888888889,"Spain","Sweden"
"962","Vasteras","Vantaa",571607,571.607,355.1965898,45587,759.783333333333,12.6630555555556,"Finland","Sweden"
"963","Vasteras","Varna",3009142,3009.142,1869.8808388,118465,1974.41666666667,32.9069444444444,"Bulgaria","Sweden"
"964","Vasteras","Vasteras",0,0,0,0,0,0,"Sweden","Sweden"
"965","Vasteras","Velenje",2058549,2058.549,1279.1823486,76621,1277.01666666667,21.2836111111111,"Slovenia","Sweden"
"966","Vasteras","Vienna",1742721,1742.721,1082.9268294,69424,1157.06666666667,19.2844444444444,"Austria","Sweden"
"967","Vasteras","Vilnius",892589,892.589,554.6548046,71047,1184.11666666667,19.7352777777778,"Lithuania","Sweden"
"968","Vasteras","Warsaw",1639862,1639.862,1019.0102468,61382,1023.03333333333,17.0505555555556,"Poland","Sweden"
"969","Vasteras","Wroclaw",1408321,1408.321,875.1306694,56566,942.766666666667,15.7127777777778,"Poland","Sweden"
"970","Vasteras","Zabbar",3555884,3555.884,2209.6263176,140536,2342.26666666667,39.0377777777778,"Malta","Sweden"
"971","Vasteras","Zadar",2368698,2368.698,1471.9089372,87067,1451.11666666667,24.1852777777778,"Croatia","Sweden"
"972","Vasteras","Zagreb",2104159,2104.159,1307.5244026,79154,1319.23333333333,21.9872222222222,"Croatia","Sweden"
"973","Vasteras","Zaragoza",2906831,2906.831,1806.3047834,102866,1714.43333333333,28.5738888888889,"Spain","Sweden"
"974","Vasteras","Zilina",1702293,1702.293,1057.8048702,68117,1135.28333333333,18.9213888888889,"Slovakia","Sweden"
"975","Vasteras","s-Gravenhage",1461582,1461.582,908.2270548,54941,915.683333333333,15.2613888888889,"Netherlands","Sweden"
